do_no,reviewed,reviewed_by,reviewed_at
974639,t,zion,2026-09-08 02:12:34.169+00
1000879517,t,zion,2026-09-08 02:13:12.702+00
1000879442,t,zion,2026-09-08 02:13:25.281+00
7006141012,t,zion,2026-09-08 02:17:05.209+00
7006141096,t,zion,2026-09-08 02:17:19.467+00
7006140944,t,zion,2026-09-08 02:17:24.398+00
25017,t,zion,2026-09-08 02:21:10.515+00
24852,t,zion,2026-09-08 02:23:35.333+00
24854,t,zion,2026-09-08 02:24:35.311+00
24851,t,zion,2026-09-08 02:24:58.825+00
7006141231,t,zion,2026-09-08 02:32:04.839+00
P-2026090200006,t,zion,2026-09-08 02:35:49.011+00
23636,f,zion,2026-08-14 00:55:21.117+00
5560530,t,zion,2026-09-08 02:43:24.985+00
APP-T211,f,zion,2026-08-14 01:04:44.337+00
APP-T228,f,michelle,2026-08-14 08:17:33.008+00
5560575,t,zion,2026-09-08 02:46:10.895+00
5560514,t,zion,2026-09-08 02:48:01.5+00
26345,f,michelle,2026-08-14 08:18:16.687+00
25482,t,zion,2026-09-08 03:01:42.197+00
24661,t,zion,2026-08-15 06:22:28.777+00
24663,t,zion,2026-08-15 06:22:30.889+00
24664,t,zion,2026-08-15 06:23:11.228+00
24662,t,zion,2026-08-15 06:23:12.504+00
APP-T132,t,zion,2026-08-15 06:24:12.316+00
24654,t,zion,2026-08-15 07:06:53.323+00
26096,t,zion,2026-08-15 07:12:10.262+00
26093,t,zion,2026-08-15 07:13:54.576+00
26094,t,zion,2026-08-15 07:14:19.613+00
26070,t,zion,2026-08-15 07:24:23.974+00
26071,t,zion,2026-08-15 07:24:59.114+00
APP-T179,t,zion,2026-08-17 07:11:56.257+00
APP-T187,t,zion,2026-08-17 07:12:34.516+00
24669,t,zion,2026-08-17 07:17:50.6+00
24670,t,zion,2026-08-17 07:18:13.823+00
24666,t,zion,2026-08-17 07:18:41.451+00
24960,t,zion,2026-09-08 03:03:17.211+00
APP-T166,t,zion,2026-08-17 07:51:26.515+00
APP-T165,t,zion,2026-08-17 07:51:34.802+00
APP-T214,t,zion,2026-08-17 08:03:02.243+00
APP-T190,t,zion,2026-08-17 08:03:23.57+00
APP-T220,t,zion,2026-08-17 08:06:45.673+00
25275,t,zion,2026-08-17 08:08:31.218+00
25273,t,zion,2026-08-17 08:10:03.69+00
APP-T221,t,zion,2026-08-17 08:11:18.758+00
APP-T191,t,zion,2026-08-17 08:15:21.246+00
APP-T192,t,zion,2026-08-17 08:16:17.019+00
APP-T218,t,zion,2026-08-17 08:17:19.135+00
24681,t,zion,2026-08-18 08:18:24.352+00
24678,t,zion,2026-08-18 08:19:25.329+00
24675,t,zion,2026-08-18 08:22:09.122+00
APP-T239,t,zion,2026-08-18 08:25:07.536+00
APP-T240,t,zion,2026-08-18 08:25:50.695+00
24684,t,zion,2026-08-18 08:31:31.64+00
24685,t,zion,2026-08-18 08:33:20.078+00
24687,t,zion,2026-08-18 08:33:53.349+00
APP-T249,t,zion,2026-08-18 08:38:38.245+00
APP-T248,t,zion,2026-08-18 08:39:09.2+00
APP-T247,t,zion,2026-08-18 08:39:37.935+00
APP-T253,t,zion,2026-08-18 08:41:43.093+00
APP-T255,t,zion,2026-08-18 08:42:09.775+00
APP-T256,t,zion,2026-08-18 08:43:07.649+00
APP-T254,t,zion,2026-08-18 08:43:32.771+00
APP-T257,t,zion,2026-08-18 08:44:06.969+00
24953,t,zion,2026-09-08 04:13:21.706+00
5560913,t,zion,2026-09-08 07:36:13.493+00
APP-T271,f,zion,2026-08-21 02:15:43.654+00
24697,t,zion,2026-08-21 04:10:19.784+00
26474,t,zion,2026-08-21 05:03:15.227+00
26475,t,zion,2026-08-21 05:03:44.048+00
26470,t,zion,2026-08-21 05:08:28.386+00
26468,t,zion,2026-08-21 05:10:37.789+00
26467,t,zion,2026-08-21 05:11:21.558+00
24702,t,zion,2026-08-24 06:30:21.824+00
24705,t,zion,2026-08-24 06:31:34.208+00
24707,t,zion,2026-08-24 06:33:36.261+00
26485,t,zion,2026-08-24 06:40:44.522+00
24711,t,zion,2026-08-24 06:42:12.147+00
24712,t,zion,2026-08-24 06:46:18.604+00
24720,t,zion,2026-08-26 06:05:23.194+00
24724,t,zion,2026-08-26 06:06:01.72+00
26491,t,zion,2026-08-26 06:11:34.687+00
26490,t,zion,2026-08-26 06:14:38.82+00
26487,t,zion,2026-08-26 06:15:13.419+00
24727,t,zion,2026-08-26 06:36:09.629+00
26495,t,zion,2026-08-26 06:39:46.275+00
26496,t,zion,2026-08-26 06:40:31.86+00
26498,t,zion,2026-08-26 06:41:11.94+00
26497,t,zion,2026-08-26 06:42:58.75+00
26492,t,zion,2026-08-26 06:43:50.911+00
25301,t,zion,2026-08-27 07:40:34.849+00
25302,t,zion,2026-08-27 07:42:20.413+00
25303,t,zion,2026-08-27 07:43:01.639+00
25306,t,zion,2026-08-27 07:44:06.58+00
24740,t,zion,2026-08-27 07:45:09.148+00
24741,t,zion,2026-08-27 07:45:43.42+00
25316,t,zion,2026-08-27 07:54:01.723+00
25317,t,zion,2026-08-27 07:54:36.775+00
25312,t,zion,2026-08-27 07:55:09.515+00
25313,t,zion,2026-08-27 07:55:43.554+00
25323,t,zion,2026-08-31 04:57:30.715+00
25326,t,zion,2026-08-31 04:58:16.536+00
25324,t,zion,2026-08-31 04:58:38.136+00
25325,t,zion,2026-08-31 04:58:49.368+00
25628,t,zion,2026-08-31 07:03:50.025+00
25333,t,zion,2026-08-31 08:23:04.13+00
24908,t,zion,2026-08-31 08:28:01.446+00
24909,t,zion,2026-08-31 08:29:09.479+00
25337,t,zion,2026-08-31 08:54:08.61+00
25338,t,zion,2026-08-31 08:54:37.496+00
24923,t,zion,2026-08-31 08:56:28.838+00
24737,t,zion,2026-08-27 07:38:35.692+00
24725,t,zion,2026-08-26 06:06:42.73+00
24718,t,zion,2026-08-26 06:08:32.715+00
24933,t,zion,2026-09-02 01:07:35.273+00
24920,t,zion,2026-09-02 01:08:42.035+00
24930,t,zion,2026-09-02 01:10:58.168+00
24943,t,zion,2026-09-08 02:02:06.521+00
24944,t,zion,2026-09-08 02:03:15.266+00
24945,t,zion,2026-09-08 02:04:22.332+00
25643,t,zion,2026-09-08 02:09:13.629+00
25642,t,zion,2026-09-08 02:09:25.75+00
5560445,t,zion,2026-09-08 02:09:57.396+00
P-2026090100021,t,zion,2026-09-08 02:11:13.561+00
8434,t,zion,2026-09-08 02:12:06.964+00
5560666,t,zion,2026-09-08 04:25:43.178+00
24860,t,zion,2026-09-08 04:25:47.098+00
24861,t,zion,2026-09-08 04:25:47.93+00
24856,t,zion,2026-09-08 04:25:49.219+00
24862,t,zion,2026-09-08 04:25:58.639+00
315185,t,zion,2026-09-08 04:32:34.064+00
315184,t,zion,2026-09-08 05:44:13.579+00
5560655,t,zion,2026-09-08 05:48:44.464+00
24866,t,zion,2026-09-08 06:01:27.747+00
24867,t,zion,2026-09-08 06:01:31.471+00
24868,t,zion,2026-09-08 06:04:27.577+00
24874,t,zion,2026-09-08 06:10:21.045+00
315284,t,zion,2026-09-08 07:30:02.724+00
315283,t,zion,2026-09-08 07:44:51.912+00
5560938,t,zion,2026-09-08 07:50:13.031+00
24876,t,zion,2026-09-08 08:13:11.716+00
24877,t,zion,2026-09-08 08:15:56.229+00
25487,t,zion,2026-09-08 08:18:45.565+00
7006142630,t,zion,2026-09-08 09:04:42.093+00
1000881890,t,zion,2026-09-08 09:10:51.982+00
1000881801,t,zion,2026-09-08 09:10:52.973+00
P-2026090500040,t,zion,2026-09-08 09:19:35.713+00
25056,t,zion,2026-09-08 09:25:08.549+00
7006142978,t,zion,2026-09-08 09:29:13.512+00
7006143078,t,zion,2026-09-08 09:32:45.08+00
7006142833,t,zion,2026-09-08 09:34:34.306+00
7006142828,t,zion,2026-09-08 09:36:37.862+00
7006142929,t,zion,2026-09-08 09:37:49.672+00
25010,t,zion,2026-09-09 01:49:01.391+00
25353,t,zion,2026-09-09 01:54:48.046+00
25354,t,zion,2026-09-09 01:57:46.691+00
25014,t,zion,2026-09-09 02:06:28.418+00
25015,t,zion,2026-09-09 02:11:02.268+00
25016,t,zion,2026-09-09 02:12:23.923+00
24942,t,zion,2026-09-09 02:16:06.966+00
25644,t,zion,2026-09-09 02:18:03.467+00
25645,t,zion,2026-09-09 02:18:56.698+00
25646,t,zion,2026-09-09 02:20:11.656+00
25647,t,zion,2026-09-09 02:21:11.514+00
24946,t,zion,2026-09-09 02:23:16.461+00
24947,t,zion,2026-09-09 02:24:40.397+00
24950,t,zion,2026-09-09 02:25:23.597+00
43375,t,zion,2026-09-09 02:26:47.773+00
43376,t,zion,2026-09-09 02:33:22.267+00
43377,t,zion,2026-09-09 02:36:50.635+00
43378,t,zion,2026-09-09 02:38:00.722+00
25649,t,zion,2026-09-09 02:54:21.123+00
25648,t,zion,2026-09-09 02:57:40.448+00
25650,t,zion,2026-09-09 02:59:34.241+00
24951,t,zion,2026-09-09 03:03:14.547+00
25020,t,zion,2026-09-09 03:09:24.013+00
25023,t,zion,2026-09-09 03:15:43.955+00
25018,t,zion,2026-09-09 03:16:55.421+00
25019,t,zion,2026-09-09 03:17:50.987+00
25481,t,zion,2026-09-09 03:23:12.76+00
25480,t,zion,2026-09-09 03:25:47.555+00
25012,t,zion,2026-09-09 03:29:32.023+00
25013,t,zion,2026-09-09 03:29:33.136+00
25011,t,zion,2026-09-09 03:29:35.07+00
7006141109,t,zion,2026-09-09 03:30:36.936+00
24853,t,zion,2026-09-09 03:31:48.12+00
25022,t,zion,2026-09-09 03:33:26.962+00
43385,t,zion,2026-09-09 03:34:55.816+00
25021,t,zion,2026-09-09 03:37:43.986+00
25024,t,zion,2026-09-09 03:38:45.194+00
24859,t,zion,2026-09-09 03:44:17.24+00
24857,t,zion,2026-09-09 03:46:33.377+00
24858,t,zion,2026-09-09 03:48:49.739+00
24864,t,zion,2026-09-09 03:51:41.086+00
24865,t,zion,2026-09-09 03:53:59.566+00
24863,t,zion,2026-09-09 03:57:07.905+00
24952,t,zion,2026-09-09 04:01:41.064+00
24954,t,zion,2026-09-09 04:06:05.01+00
24956,t,zion,2026-09-09 04:11:00.457+00
24957,t,zion,2026-09-09 04:11:25.076+00
24958,t,zion,2026-09-09 04:11:45.928+00
249550,f,zion,2026-09-09 04:18:39.707+00
24955,t,zion,2026-09-09 04:21:49.297+00
25027,t,zion,2026-09-09 04:23:47.581+00
25028,t,zion,2026-09-09 04:25:51.23+00
25031,t,zion,2026-09-09 04:27:50.027+00
25032,t,zion,2026-09-09 04:28:44.633+00
25033,t,zion,2026-09-09 04:29:30.33+00
24959,t,zion,2026-09-09 04:32:06.346+00
5560672,t,zion,2026-09-09 04:32:58.439+00
25029,t,zion,2026-09-09 04:34:36.183+00
25030,t,zion,2026-09-09 04:35:15.942+00
5560861,t,zion,2026-09-09 04:36:51.112+00
24869,t,zion,2026-09-09 04:39:17.241+00
24870,t,zion,2026-09-09 04:41:37.549+00
24871,t,zion,2026-09-09 04:46:03.569+00
24872,t,zion,2026-09-09 04:48:50.043+00
24961,t,zion,2026-09-09 04:50:57.434+00
25485,t,zion,2026-09-09 04:54:47.663+00
25484,t,zion,2026-09-09 04:56:28.463+00
25034,t,zion,2026-09-09 04:59:41.907+00
25035,t,zion,2026-09-09 05:00:46.912+00
25038,t,zion,2026-09-09 05:01:25.216+00
25039,t,zion,2026-09-09 05:05:16.18+00
25040,t,zion,2026-09-09 05:07:41.482+00
25041,t,zion,2026-09-09 05:10:19.977+00
25036,t,zion,2026-09-09 05:11:19.418+00
25037,t,zion,2026-09-09 05:12:09.924+00
43395,t,zion,2026-09-09 05:15:12.728+00
43396,t,zion,2026-09-09 05:17:05.076+00
25043,t,zion,2026-09-09 05:19:25.338+00
24878,t,zion,2026-09-09 05:22:23.432+00
24963,t,zion,2026-09-09 05:26:03.246+00
24964,t,zion,2026-09-09 05:31:15.058+00
24966,t,zion,2026-09-09 05:34:00.513+00
25042,t,zion,2026-09-09 05:38:01.512+00
25051,t,zion,2026-09-09 05:40:15.552+00
25052,t,zion,2026-09-09 05:50:14.253+00
25486,t,zion,2026-09-09 05:54:08.885+00
25488,t,zion,2026-09-09 05:56:05.923+00
43398,t,zion,2026-09-09 06:02:03.185+00
43400,t,zion,2026-09-09 06:03:32.519+00
43401,t,zion,2026-09-09 06:05:41.016+00
43402,t,zion,2026-09-09 06:07:48.366+00
43406,t,zion,2026-09-09 06:09:41.092+00
43408,t,zion,2026-09-09 06:12:55.379+00
43404,t,zion,2026-09-09 06:14:28.323+00
25489,t,zion,2026-09-09 06:44:20.549+00
43410,t,zion,2026-09-09 06:48:06.427+00
43411,t,zion,2026-09-09 06:50:05.704+00
43412,t,zion,2026-09-09 06:51:26.894+00
43413,t,zion,2026-09-09 06:52:32.886+00
