do_no,source,job_no,do_date,do_type,trip_type,site_id,vessel_name,berth,vehicle_id,driver_id,job_type,waste_type,bin_in,bin_out,vol_cat_a,vol_cat_b,vol_cat_c,vol_cat_d,vol_cat_e,vol_cat_f,vol_total_m3,gross_kg,tare_kg,net_kg,weigh_ticket_no,weigh_location,weight_source,gps_lat,gps_lng,gps_accuracy_m,gps_captured_at,photo_do_ref,photo_sig_ref,photo_weigh_ref,receipt_ref,disposal_facility,xero_invoice_id,backfill_notes,synced_at,sludge_requested_t,sludge_actual_t,dispose_to
24242,backfill,,2026-06-02,land,Exchange,SAV_001,,,XE4491D,,,General Waste,,,,,,,,,,,,,,,volume_est,,,,,,,,,,,remarks=Backfill from DO scan (Jun 2026) — DATE NOT LEGIBLE on DO — verify | DATE NOT LEGIBLE on DO — verify,2026-07-24 15:15:51.944859+00,,,
24191,backfill,,2026-06-08,land,Exchange,SAV_001,,,,,,General Waste,5197,,,,,,,,,,,,,,volume_est,,,,,,,,,,,remarks=Backfill from DO scan (Jun 2026) — Bin In/Out handwriting unclear — verify | Bin In/Out handwriting unclear — verify,2026-07-24 15:15:51.944859+00,,,
23636,backfill,,,land,Exchange,SAV_001,,,XE6221D,,,General Waste,,5240,,,,,,,,,,,,,volume_est,,,,,,,,,,,remarks=Backfill from DO scan (Jun 2026) — Date 05 or 09 Jun — verify | Date 05 or 09 Jun — verify,2026-07-24 15:15:51.944859+00,,,
18791,backfill,,2026-06-27,vessel,PSA Vessel,PIL_001,KOTA KARIM,B05,XE7126P,YAO_JUN,,Vessel Waste,,,0.90,0.00,0.70,0.04,0.01,2.00,3.65,,,,,,volume_est,,,,,,,,,,,remarks=Vessel DO backfill | rechecked,2026-07-24 15:15:51.944859+00,,,
18792,backfill,,2026-06-28,vessel,PSA Vessel,PIL_001,KOTA SURIA,B05,XE7126P,YAO_JUN,,Vessel Waste,,,0.80,0.02,0.40,0.01,0.00,,1.32,,,,,,volume_est,,,,,,,,,,,"remarks=Vessel DO backfill; FADED scan — Cat values (incl F) unclear, verify | rechecked",2026-07-24 15:15:51.944859+00,,,
18917,backfill,,2026-04-04,vessel,PSA Vessel,PIL_001,KOTA KARIM,B06,XE6221D,SATHISH,,Vessel Waste,,,1.30,0.02,1.40,0.02,0.01,0.80,3.55,,,,,,volume_est,,,,,,,,,,,remarks=Vessel DO backfill; Incl oily rags; DO marked ONLY FOR RECEIPT | rechecked,2026-07-24 15:15:51.944859+00,,,
18931,backfill,,2026-05-01,vessel,PSA Vessel,PIL_001,KOTA SURIA,B06,XE6221D,SATHISH,,Vessel Waste,,,0.80,0.02,0.40,0.02,0.02,0.00,1.26,,,,,,volume_est,,,,,,,,,,,remarks=Vessel DO backfill | rechecked,2026-07-24 15:15:51.944859+00,,,
18932,backfill,,2026-05-02,vessel,PSA Vessel,PIL_001,KOTA NABIL,B05,XE6221D,SATHISH,,Vessel Waste,,,0.80,0.00,0.20,0.00,0.10,0.40,1.50,,,,,,volume_est,,,,,,,,,,,remarks=Vessel DO backfill | rechecked,2026-07-24 15:15:51.944859+00,,,
18933,backfill,,2026-05-07,vessel,PSA Vessel,PIL_001,KOTA RUKUN,B05,XE6221D,SATHISH,,Vessel Waste,,,1.30,0.00,0.80,0.00,0.00,0.50,2.60,,,,,,volume_est,,,,,,,,,,,remarks=Vessel DO backfill | rechecked,2026-07-24 15:15:51.944859+00,,,
18938,backfill,,2026-05-07,vessel,PSA Vessel,PIL_001,KOTA NAGA,P04,XE6221D,SATHISH,,Vessel Waste,,,0.40,0.03,0.70,0.00,0.00,0.30,1.43,,,,,,volume_est,,,,,,,,,,,remarks=Vessel DO backfill | rechecked,2026-07-24 15:15:51.944859+00,,,
18940,backfill,,2026-05-08,vessel,PSA Vessel,PIL_001,KOTA GAYA,B05,XE6221D,SATHISH,,Vessel Waste,,,0.70,0.00,0.70,0.01,0.00,0.59,2.00,,,,,,volume_est,,,,,,,,,,,remarks=Vessel DO backfill; Incl 0.2 m3 oil rags | rechecked,2026-07-24 15:15:51.944859+00,,,
18943,backfill,,2026-05-13,vessel,PSA Vessel,PIL_001,KOTA MANIS,B06,XE6221D,SATHISH,,Vessel Waste,,,0.60,0.02,0.40,0.00,0.00,0.28,1.30,,,,,,volume_est,,,,,,,,,,,remarks=Vessel DO backfill | rechecked,2026-07-24 15:15:51.944859+00,,,
18947,backfill,,2026-05-24,vessel,PSA Vessel,PIL_001,KOTA HAKIM,P08,XE6221D,SATHISH,,Vessel Waste,,,0.00,0.00,0.00,0.02,0.00,1.10,1.12,,,,,,volume_est,,,,,,,,,,,remarks=Vessel DO backfill; Mostly oily rags | rechecked,2026-07-24 15:15:51.944859+00,,,
18950,backfill,,2026-05-25,vessel,PSA Vessel,PIL_001,KOTA CANTIK,B05,XE6221D,SATHISH,,Vessel Waste,,,1.00,0.00,1.00,0.00,0.01,0.60,2.61,,,,,,volume_est,,,,,,,,,,,remarks=Vessel DO backfill; Incl 0.1 m3 oily rags | rechecked,2026-07-24 15:15:51.944859+00,,,
23947,backfill,,2026-06-30,land,Exchange,SAV_001,,,XE6221D,,,General Waste,5079,,,,,,,,,,,,,,volume_est,,,,,,,,,,,bin_out_raw=5032 | remarks=Backfill from DO scan (Jun 2026),2026-07-24 15:15:51.944859+00,,,
24066,backfill,,2026-06-30,land,Exchange,SAV_001,,,,,,General Waste,,5084,,,,,,,,,,,,,volume_est,,,,,,,,,,,remarks=Backfill from DO scan (Jun 2026) — Bin In/Out unclear — verify | Bin In/Out unclear — verify,2026-07-24 15:15:51.944859+00,,,
26931,backfill,,2026-05-02,land,Exchange,PAX_001,,,XE5457Y,,,General Waste,,5089,,,,,,,,14010.0,17630.0,3620.0,884,,weighbridge,,,,,,,,,,,remarks=Backfill DO + weighbridge (May 2026); 1x5FT; weighed by MORTHY-K009910,2026-07-24 15:15:51.944859+00,,,
26932,backfill,,2026-05-02,land,Exchange,PAX_001,,,XE5457Y,,,General Waste,5089,5160,,,,,,,,14590.0,18910.0,4260.0,885,,weighbridge,,,,,,,,,,,remarks=Backfill DO + weighbridge (May 2026); 1x5FT; weighed by BALA-K009902,2026-07-24 15:15:51.944859+00,,,
26934,backfill,,2026-05-02,land,Exchange,PAX_001,,,XE5457Y,,,General Waste,,5089,,,,,,,,14410.0,21080.0,6670.0,887,,weighbridge,,,,,,,,,,,remarks=Backfill DO + weighbridge (May 2026); 1x5FT; weighed by BALA-K009902; DO 26933 not in this batch (gap) | DO 26933 not in this batch (gap),2026-07-24 15:15:51.944859+00,,,
26935,backfill,,2026-05-02,land,Exchange,PAX_001,,,XE5457Y,,,General Waste,5069,,,,,,,,,14730.0,17410.0,2690.0,891,,weighbridge,,,,,,,,,,,remarks=Backfill DO + weighbridge (May 2026); 1x5FT; weighed by MURU-K001956,2026-07-24 15:15:51.944859+00,,,
25769,backfill,,2026-05-04,land,Exchange,PAX_001,,,XE4491D,,,General Waste,,,,,,,,,,14470.0,20550.0,6080.0,892,,weighbridge,,,,,,,,,,,remarks=Backfill DO + weighbridge (May 2026); 1x5FT; weighed by MURU-K001956,2026-07-24 15:15:51.944859+00,,,
25770,backfill,,2026-05-04,land,Exchange,PAX_001,,,XE4491D,,,General Waste,,5069,,,,,,,,14940.0,17460.0,2620.0,894,,weighbridge,,,,,,,,,,,"remarks=Backfill DO + weighbridge (May 2026); 1x5FT; weighed by WILLIAM NG-K007671; Gross ~14,940 — verify | Gross ~14,940 — verify",2026-07-24 15:15:51.944859+00,,,
25774,backfill,,2026-05-05,land,Exchange,PAX_001,,,XE4491D,,,General Waste,,,,,,,,,,14860.0,16150.0,1290.0,898,,weighbridge,,,,,,,,,,,bin_in_raw=5224 | remarks=Backfill DO + weighbridge (May 2026); 1x5FT; weighed by AMIR-K12898,2026-07-24 15:15:51.944859+00,,,
25775,backfill,,2026-05-05,land,Exchange,PAX_001,,,XE4491D,,,General Waste,,,,,,,,,,14380.0,17370.0,2990.0,902,,weighbridge,,,,,,,,,,,remarks=Backfill DO + weighbridge (May 2026); 1x5FT; weighed by AMIR-K12898,2026-07-24 15:15:51.944859+00,,,
25778,backfill,,2026-05-06,land,Exchange,PAX_001,,,XE4491D,,,General Waste,5194,,,,,,,,,14400.0,17740.0,3340.0,908,,weighbridge,,,,,,,,,,,bin_out_raw=5224 | remarks=Backfill DO + weighbridge (May 2026); 1x5FT; weighed by AMIR-K12898,2026-07-24 15:15:51.944859+00,,,
25779,backfill,,2026-05-06,land,Exchange,PAX_001,,,XE4491D,,,General Waste,,,,,,,,,,14980.0,16220.0,1240.0,910,,weighbridge,,,,,,,,,,,bin_in_raw=5224 | remarks=Backfill DO + weighbridge (May 2026); 1x5FT; weighed by AMIR-K12898,2026-07-24 15:15:51.944859+00,,,
25783,backfill,,2026-05-07,land,Exchange,PAX_001,,,XE4491D,,,General Waste,,,,,,,,,,14790.0,17160.0,2370.0,916,,weighbridge,,,,,,,,,,,bin_out_raw=5224 | remarks=Backfill DO + weighbridge (May 2026); 1x5FT; weighed by MURU-K001956,2026-07-24 15:15:51.944859+00,,,
25794,backfill,,2026-05-09,land,Exchange,PAX_001,,,XE4491D,,,General Waste,,5069,,,,,,,,14610.0,16810.0,2230.0,957,,weighbridge,,,,,,,,,,,remarks=Backfill DO + weighbridge (May 2026); 1x5FT; weighed by BALA-K009902; Bin Out reading 5069/8069 — verify | Bin Out reading 5069/8069 — verify,2026-07-24 15:15:51.944859+00,,,
25790,backfill,,2026-05-08,land,Exchange,PAX_001,,,XE4491D,,,General Waste,5160,5194,,,,,,,,14790.0,16500.0,1710.0,952,,weighbridge,,,,,,,,,,,remarks=Backfill DO + weighbridge (May 2026); 1x5FT; weighed by MUSTAFA,2026-07-24 15:15:51.944859+00,,,
25786,backfill,,2026-05-08,land,Exchange,PAX_001,,,XE4491D,,,General Waste,5160,5194,,,,,,,,14700.0,17240.0,2540.0,932,,weighbridge,,,,,,,,,,,remarks=Backfill DO + weighbridge (May 2026); 1x5FT; weighed by AMIR-K12898; Same bins as DO 25790 — verify | Same bins as DO 25790 — verify,2026-07-24 15:15:51.944859+00,,,
25787,backfill,,2026-05-08,land,Exchange,PAX_001,,,XE4491D,,,General Waste,5194,,,,,,,,,14430.0,18700.0,4270.0,936,,weighbridge,,,,,,,,,,,remarks=Backfill DO + weighbridge (May 2026); 1x5FT; weighed by AMIR-K12898; DO date blank; used weighbridge date | DO date blank; used weighbridge date,2026-07-24 15:15:51.944859+00,,,
25789,backfill,,2026-05-08,land,Exchange,PAX_001,,,XE4491D,,,General Waste,5069,5160,,,,,,,,15180.0,18960.0,3780.0,947,,weighbridge,,,,,,,,,,,remarks=Backfill DO + weighbridge (May 2026); 1x5FT; weighed by MUSTAFA,2026-07-24 15:15:51.944859+00,,,
26789,backfill,,2026-05-11,land,Exchange,PAX_001,,,XE6221D,,,General Waste,,,,,,,,,,14010.0,16180.0,2170.0,970,,weighbridge,,,,,,,,,,,remarks=Backfill DO + weighbridge (May 2026); 1x5FT; weighed by AMIR-K12898,2026-07-24 15:15:51.944859+00,,,
26790,backfill,,2026-05-11,land,Exchange,PAX_001,,,XE6221D,,,General Waste,,5160,,,,,,,,14170.0,20880.0,6710.0,975,,weighbridge,,,,,,,,,,,remarks=Backfill DO + weighbridge (May 2026); 1x5FT; weighed by AMIR-K12898,2026-07-24 15:15:51.944859+00,,,
26795,backfill,,2026-05-11,land,Exchange,PAX_001,,,XE6221D,,,General Waste,,,,,,,,,,14230.0,19450.0,5220.0,983,,weighbridge,,,,,,,,,,,remarks=Backfill DO + weighbridge (May 2026); 1x5FT; weighed by AMIR-K12898,2026-07-24 15:15:51.944859+00,,,
26806,backfill,,2026-05-12,land,Exchange,PAX_001,,,XE6221D,,,General Waste,5135,,,,,,,,,14080.0,16420.0,2340.0,994,,weighbridge,,,,,,,,,,,remarks=Backfill DO + weighbridge (May 2026); 1x5FT; weighed by MUSTAFA,2026-07-24 15:15:51.944859+00,,,
26801,backfill,,2026-05-12,land,Exchange,PAX_001,,,XE6221D,,,General Waste,,,,,,,,,,14150.0,16920.0,2470.0,986,,weighbridge,,,,,,,,,,,remarks=Backfill DO + weighbridge (May 2026); 1x5FT; weighed by MUSTAFA,2026-07-24 15:15:51.944859+00,,,
26802,backfill,,2026-05-12,land,Exchange,PAX_001,,,XE6221D,,,General Waste,,,,,,,,,,14190.0,16510.0,2320.0,988,,weighbridge,,,,,,,,,,,remarks=Backfill DO + weighbridge (May 2026); 1x5FT; weighed by AMIR-K12898,2026-07-24 15:15:51.944859+00,,,
26813,backfill,,2026-05-13,land,Exchange,PAX_001,,,XE6221D,,,General Waste,5135,,,,,,,,,14020.0,14310.0,290.0,1002,,weighbridge,,,,,,,,,,,remarks=Backfill DO + weighbridge (May 2026); 1x5FT; weighed by AMIR-K12898,2026-07-24 15:15:51.944859+00,,,
26812,backfill,,2026-05-13,land,Exchange,PAX_001,,,XE6221D,,,General Waste,,5135,,,,,,,,14100.0,17670.0,3570.0,1001,,weighbridge,,,,,,,,,,,remarks=Backfill DO + weighbridge (May 2026); 1x5FT; weighed by AMIR-K12898,2026-07-24 15:15:51.944859+00,,,
26822,backfill,,2026-05-15,land,Exchange,PAX_001,,,XE6221D,,,General Waste,,5204,,,,,,,,14250.0,16970.0,2720.0,1025,,weighbridge,,,,,,,,,,,remarks=Backfill DO + weighbridge (May 2026); 1x5FT; weighed by MORTHY-K00910,2026-07-24 15:15:51.944859+00,,,
26826,backfill,,2026-05-16,land,Exchange,PAX_001,,,XE6221D,,,General Waste,5194,5058,,,,,,,,14060.0,16080.0,2020.0,1031,,weighbridge,,,,,,,,,,,remarks=Backfill DO + weighbridge (May 2026); 1x5FT; weighed by AMIR-K12898,2026-07-24 15:15:51.944859+00,,,
26828,backfill,,2026-05-16,land,Exchange,PAX_001,,,XE6221D,,,General Waste,5047,,,,,,,,,14730.0,15920.0,1110.0,1036,,weighbridge,,,,,,,,,,,remarks=Backfill DO + weighbridge (May 2026); 1x5FT; weighed by AMIR-K12898,2026-07-24 15:15:51.944859+00,,,
43191,live,,2026-07-30,land,Exchange,STX_001,,,XE7126P,YAO_JUN,Exchange,General Waste,,,,,,,,,,16350.0,13950.0,2400.0,LR46,,weighbridge,,,,,https://zjtvrlbyfeirnrlqgefo.supabase.co/storage/v1/object/public/do-photos/ms72uum7-DO-97-1.jpg,,,,,,"app_trip_id=53 | bin_photos=https://zjtvrlbyfeirnrlqgefo.supabase.co/storage/v1/object/public/do-photos/ms72uu5y-BININ-97-1.jpg
https://zjtvrlbyfeirnrlqgefo.supabase.co/storage/v1/object/public/do-photos/ms72uuhw-BINOUT-97-1.jpg | bin_in_raw=6005 | bin_out_raw=6005 | job_no=97",2026-07-30 05:51:31.495+00,,,
LR26/04/0194,backfill,,2026-04-30,,,STE_001,,,,,,Used Tyre Fender,,,,,,,,,,,,3730.0,,,invoice,,,,,,,,,,,"1 trip; PO 3020394416; inv $4,139.82",2026-07-31 03:02:32.106388+00,,,
LR26/04/0195,backfill,,2026-04-30,,,STE_002,,,,,,General Waste,,,,,,,,,,,,249150.0,,,invoice,,,,,,,,,,,"59 trips; PO 3020393606; inv $26,642.11",2026-07-31 03:02:32.106388+00,,,
23482,backfill,,2026-05-25,land,Exchange,PAX_001,,,XE5457Y,,,General Waste,5162,,,,,,,,,14510.0,17520.0,3010.0,1128,,weighbridge,,,,,,,,,,,remarks=Backfill DO + weighbridge (May 2026); 1x5FT; weighed by MUSTAFA,2026-07-24 15:15:51.944859+00,,,
23483,backfill,,2026-05-25,land,Exchange,PAX_001,,,XE5457Y,,,General Waste,,,,,,,,,,14100.0,18190.0,4090.0,1130,,weighbridge,,,,,,,,,,,remarks=Backfill DO + weighbridge (May 2026); 1x5FT; weighed by AMIR-K12898,2026-07-24 15:15:51.944859+00,,,
23486,backfill,,2026-05-25,land,Exchange,PAX_001,,,XE5457Y,,,General Waste,,5162,,,,,,,,14470.0,19070.0,3600.0,1138,,weighbridge,,,,,,,,,,,remarks=Backfill DO + weighbridge (May 2026); 1x5FT; weighed by AMIR-K12898,2026-07-24 15:15:51.944859+00,,,
23491,backfill,,2026-05-26,land,Exchange,PAX_001,,,XE5457Y,,,General Waste,5108,,,,,,,,,14240.0,16720.0,2480.0,1153,,weighbridge,,,,,,,,,,,remarks=Backfill DO + weighbridge (May 2026); 1x5FT; weighed by AMIR-K12898,2026-07-24 15:15:51.944859+00,,,
23488,backfill,,2026-05-26,land,Exchange,PAX_001,,,XE5457Y,,,General Waste,5038,,,,,,,,,14790.0,17970.0,3190.0,1144,,weighbridge,,,,,,,,,,,remarks=Backfill DO + weighbridge (May 2026); 1x5FT; weighed by AMIR-K12898,2026-07-24 15:15:51.944859+00,,,
23493,backfill,,2026-05-28,land,Exchange,PAX_001,,,XE5457Y,,,General Waste,5056,5038,,,,,,,,14710.0,18950.0,4240.0,1175,,weighbridge,,,,,,,,,,,remarks=Backfill DO + weighbridge (May 2026); 1x5FT; weighed by MUSTAFA,2026-07-24 15:15:51.944859+00,,,
23494,backfill,,2026-05-28,land,Exchange,PAX_001,,,XE5457Y,,,General Waste,5038,5108,,,,,,,,14650.0,16980.0,2330.0,1177,,weighbridge,,,,,,,,,,,remarks=Backfill DO + weighbridge (May 2026); 1x5FT; weighed by MURU-K001956,2026-07-24 15:15:51.944859+00,,,
23496,backfill,,2026-05-28,land,Exchange,PAX_001,,,XE5457Y,,,General Waste,5044,5056,,,,,,,,14670.0,17450.0,2780.0,1179,,weighbridge,,,,,,,,,,,remarks=Backfill DO + weighbridge (May 2026); 1x5FT; weighed by BALA-K009902,2026-07-24 15:15:51.944859+00,,,
23706,backfill,,2026-05-29,land,Exchange,PAX_001,,,XE5457Y,,,General Waste,5084,5232,,,,,,,,14730.0,17710.0,2980.0,1193,,weighbridge,,,,,,,,,,,remarks=Backfill DO + weighbridge (May 2026); 1x5FT; weighed by MURU-K001956,2026-07-24 15:15:51.944859+00,,,
23499,backfill,,2026-05-29,land,Exchange,PAX_001,,,XE5457Y,,,General Waste,5232,5038,,,,,,,,14560.0,16550.0,1990.0,1184,,weighbridge,,,,,,,,,,,remarks=Backfill DO + weighbridge (May 2026); 1x5FT; weighed by MUSTAFA,2026-07-24 15:15:51.944859+00,,,
23707,backfill,,2026-05-30,land,Exchange,PAX_001,,,XE5457Y,,,General Waste,5232,5044,,,,,,,,14730.0,18310.0,3580.0,1196,,weighbridge,,,,,,,,,,,remarks=Backfill DO + weighbridge (May 2026); 1x5FT; weighed by BALA-K009902; DO remark: SEND BIN | DO remark: SEND BIN,2026-07-24 15:15:51.944859+00,,,
LR26/04/0196,backfill,,2026-04-30,,,STE_002,,,,,,Wood Waste,,,,,,,,,,,,49530.0,,,invoice,,,,,,,,,,,"12 trips; PO 3020393606; inv $4,316.83",2026-07-31 03:02:32.106388+00,,,
LR26/04/0197,backfill,,2026-04-30,,,STE_002,,,,,,Rubber Fender,,,,,,,,,,,,1800.0,,,invoice,,,,,,,,,,,"1 trip; PO 3020393606; inv $2,036.12",2026-07-31 03:02:32.106388+00,,,
LR26/04/0199,backfill,,2026-04-23,,,STE_002,,,,,,Yokohama Fender,,,,,,,,,,,,440.0,,,invoice,,,,,,,,,,,vessel ENERGETIC; PO 3020395060; inv $553.72,2026-07-31 03:02:32.106388+00,,,
LR26/04/0200,backfill,,2026-04-23,,,STE_002,,,,,,Old Paint,,,,,,,,,,,,,,,invoice,,,,,,,,,,,20L x33 + 5L x80 cans; vessel SEA AMETHYST; PO 3020395060; inv $218.00,2026-07-31 03:02:32.106388+00,,,
LR26/05/0169,backfill,,2026-05-19,,,STE_001,,,,,,Misc (Electrode Stud Ends + NDT Chemical Cans),,,,,,,,,,,,,,,invoice,,,,,,,,,,,2 lots @ $44.50; ref 3020394448; inv $97.01,2026-07-31 03:02:32.106388+00,,,
LR26/05/0240,backfill,,2026-05-31,,,STE_001,,,,,,Wood Waste,,,,,,,,,,,,81490.0,,,invoice,,,,,,,,,,,"25 trips; PO 3020398080; inv $7,503.42",2026-07-31 03:02:32.106388+00,,,
LR26/05/0241,backfill,,2026-05-31,,,STE_001,,,,,,General Waste,,,,,,,,,,,,138400.0,,,invoice,,,,,,,,,,,"24 trips; PO 3020398080; inv $14,149.07",2026-07-31 03:02:32.106388+00,,,
LR26/05/0242,backfill,,2026-05-31,,,STE_002,,,,,,General Waste,,,,,,,,,,,,213600.0,,,invoice,,,,,,,,,,,"45 trips; PO 3020396389; inv $22,426.97",2026-07-31 03:02:32.106388+00,,,
LR26/05/0243,backfill,,2026-05-31,,,STE_002,,,,,,Wood Waste,,,,,,,,,,,,35630.0,,,invoice,,,,,,,,,,,"8 trips; PO 3020396389; inv $3,057.11",2026-07-31 03:02:32.106388+00,,,
LR26/05/0244,backfill,,2026-05-31,,,STE_002,,,,,,Rubber Fender,,,,,,,,,,,,14380.0,,,invoice,,,,,,,,,,,"3 trips; PO 3020396389; inv $15,896.56",2026-07-31 03:02:32.106388+00,,,
LR26/05/0245,backfill,,2026-05-31,,,STE_002,,,,,,Used Tyre,,,,,,,,,,,,,,,invoice,,,,,,,,,,,15 pcs @ $3; 1 trip; PO 3020396389; inv $123.17,2026-07-31 03:02:32.106388+00,,,
24184,backfill,,2026-06-06,,,STE_004,,,,,,General Waste,,,,,,,,,,,,6100.0,,,invoice,,,,,,,,,,,DO#24184; IWMF Pkg 1; PO 3020397117; part of inv LR26/06/0010,2026-07-31 03:02:32.106388+00,,,
23710,backfill,,2026-05-30,land,Exchange,PAX_001,,,XE5457Y,,,General Waste,,5084,,,,,,,,14180.0,19930.0,5750.0,1210,,weighbridge,,,,,,,,,,,remarks=Backfill DO + weighbridge (May 2026); 1x5FT; weighed by BALA-K009902,2026-07-24 15:15:51.944859+00,,,
26809,backfill,,2026-05-13,land,Exchange,PAX_001,,,XE6221D,,,General Waste,,,,,,,,,,13990.0,14950.0,970.0,998,,weighbridge,,,,,,,,,,,remarks=Backfill DO + weighbridge (May 2026); 1x5FT; weighed by AMIR-K12898 | pt7 missing-middle,2026-07-24 15:15:51.944859+00,,,
26815,backfill,,2026-05-14,land,Exchange,PAX_001,,,XE6221D,,,General Waste,5079,,,,,,,,,14390.0,14800.0,410.0,1003,,weighbridge,,,,,,,,,,,remarks=Backfill DO + weighbridge (May 2026); 1x5FT; weighed by MURU-K001956 | pt7 missing-middle,2026-07-24 15:15:51.944859+00,,,
26816,backfill,,2026-05-14,land,Exchange,PAX_001,,,XE6221D,,,General Waste,,5135,,,,,,,,14300.0,16020.0,1720.0,1006,,weighbridge,,,,,,,,,,,remarks=Backfill DO + weighbridge (May 2026); 1x5FT; weighed by AMIR-K12898 | pt7 missing-middle,2026-07-24 15:15:51.944859+00,,,
26820,backfill,,2026-05-14,land,Exchange,PAX_001,,,XE6221D,,,General Waste,5204,5079,,,,,,,,14420.0,15810.0,1390.0,1010,,weighbridge,,,,,,,,,,,remarks=Backfill DO + weighbridge (May 2026); 1x5FT; weighed by MORTHY-K000910 | pt7 missing-middle,2026-07-24 15:15:51.944859+00,,,
26821,backfill,,2026-05-15,land,Exchange,PAX_001,,,XE6221D,,,General Waste,5058,,,,,,,,,14610.0,15610.0,1000.0,1023,,weighbridge,,,,,,,,,,,remarks=Backfill DO + weighbridge (May 2026); 1x5FT; weighed by MUSTAFA | pt7 missing-middle,2026-07-24 15:15:51.944859+00,,,
17902,backfill,,2026-05-28,vessel,PSA Vessel,PIL_001,KOTA LEKAS,B06,XE6221D,SATHISH,,Vessel Waste,,,0.80,0.06,0.60,0.02,0.00,0.80,2.40,,,,,,volume_est,,,,,,,,,,,remarks=Vessel DO backfill; Cat I 0.12 m3; 0.20 m3 oily rags | Cat I 0.12 m3; 0.20 m3 oily rags,2026-07-24 15:15:51.944859+00,,,
17903,backfill,,2026-05-29,vessel,PSA Vessel,PIL_001,KOTA SAHABAT,B06,XE6221D,SATHISH,,Vessel Waste,,,0.30,0.04,0.30,0.00,0.00,0.40,1.04,,,,,,volume_est,,,,,,,,,,,remarks=Vessel DO backfill,2026-07-24 15:15:51.944859+00,,,
17904,backfill,,2026-05-30,vessel,PSA Vessel,PIL_001,KOTA SEGAR,B05,XE6221D,SATHISH,,Vessel Waste,,,0.40,0.00,0.40,0.02,0.00,0.20,1.02,,,,,,volume_est,,,,,,,,,,,remarks=Vessel DO backfill,2026-07-24 15:15:51.944859+00,,,
17906,backfill,,2026-05-31,vessel,PSA Vessel,PIL_001,KOTA CARUM,B06,XE6221D,SATHISH,,Vessel Waste,,,1.20,0.00,0.60,0.00,0.03,0.30,2.13,,,,,,volume_est,,,,,,,,,,,remarks=Vessel DO backfill,2026-07-24 15:15:51.944859+00,,,
17907,backfill,,2026-06-02,vessel,PSA Vessel,PIL_001,KOTA GANDING,B06,XE6221D,SATHISH,,Vessel Waste,,,0.50,0.02,0.40,0.01,0.00,0.40,1.34,,,,,,volume_est,,,,,,,,,,,remarks=Vessel DO backfill; Cat I E-waste 0.01 m3 | Cat I E-waste 0.01 m3,2026-07-24 15:15:51.944859+00,,,
17911,backfill,,2026-06-05,vessel,PSA Vessel,PIL_001,KOTA RAJIN,B05,XE6221D,SATHISH,,Vessel Waste,,,0.20,0.02,0.20,0.02,0.00,0.20,0.66,,,,,,volume_est,,,,,,,,,,,remarks=Vessel DO backfill; Cat I E-waste 0.02 m3 | Cat I E-waste 0.02 m3,2026-07-24 15:15:51.944859+00,,,
17919,backfill,,2026-06-13,vessel,PSA Vessel,PIL_001,KOTA LEMBAH,B06,XE6221D,SATHISH,,Vessel Waste,,,0.80,0.00,0.50,0.00,0.08,0.30,1.68,,,,,,volume_est,,,,,,,,,,,remarks=Vessel DO backfill,2026-07-24 15:15:51.944859+00,,,
17920,backfill,,2026-06-13,vessel,PSA Vessel,PIL_001,KOTA SETIA,B05,XE6221D,SATHISH,,Vessel Waste,,,1.20,0.00,0.30,0.02,0.00,0.40,1.92,,,,,,volume_est,,,,,,,,,,,remarks=Vessel DO backfill,2026-07-24 15:15:51.944859+00,,,
17921,backfill,,2026-06-14,vessel,PSA Vessel,PIL_001,KOTA MACHAN,B06,XE6221D,SATHISH,,Vessel Waste,,,0.40,0.00,0.40,0.01,0.00,0.20,1.01,,,,,,volume_est,,,,,,,,,,,remarks=Vessel DO backfill,2026-07-24 15:15:51.944859+00,,,
17925,backfill,,2026-06-18,vessel,PSA Vessel,PIL_001,KOTA RESTU,B06,XE5457Y,SATHISH,,Vessel Waste,,,0.50,0.02,0.40,0.00,0.00,0.30,1.22,,,,,,volume_est,,,,,,,,,,,remarks=Vessel DO backfill,2026-07-24 15:15:51.944859+00,,,
17927,backfill,,2026-06-20,vessel,PSA Vessel,PIL_001,KOTA JAYA,B05,XE5457Y,SATHISH,,Vessel Waste,,,0.50,0.00,0.50,0.02,0.00,0.40,1.42,,,,,,volume_est,,,,,,,,,,,remarks=Vessel DO backfill,2026-07-24 15:15:51.944859+00,,,
17930,backfill,,2026-06-22,vessel,PSA Vessel,PIL_001,KOTA HAKIM,B06,XE6221D,SATHISH,,Vessel Waste,,,0.00,0.00,0.20,0.00,0.10,0.70,1.00,,,,,,volume_est,,,,,,,,,,,remarks=Vessel DO backfill; Total blank on DO (computed); Cat E incinerator ashes | Total blank on DO (computed); Cat E incinerator ashes,2026-07-24 15:15:51.944859+00,,,
17932,backfill,,2026-06-23,vessel,PSA Vessel,PIL_001,SELATAN DAMAI,B05,XE6221D,SATHISH,,Vessel Waste,,,0.60,0.02,0.20,0.02,0.00,0.40,1.24,,,,,,volume_est,,,,,,,,,,,remarks=Vessel DO backfill,2026-07-24 15:15:51.944859+00,,,
17933,backfill,,2026-06-24,vessel,PSA Vessel,PIL_001,KOTA DUNIA,B05,XE6221D,SATHISH,,Vessel Waste,,,1.00,0.04,0.30,0.00,0.00,0.10,1.44,,,,,,volume_est,,,,,,,,,,,remarks=Vessel DO backfill,2026-07-24 15:15:51.944859+00,,,
17934,backfill,,2026-06-24,vessel,PSA Vessel,PIL_001,KOTA NALURI,B06,XE6221D,SATHISH,,Vessel Waste,,,0.80,0.00,0.40,0.02,0.01,0.50,1.73,,,,,,volume_est,,,,,,,,,,,remarks=Vessel DO backfill,2026-07-24 15:15:51.944859+00,,,
17935,backfill,,2026-06-25,vessel,PSA Vessel,PIL_001,KOTA EBONY,B05,XE6221D,SATHISH,,Vessel Waste,,,0.50,0.04,0.50,0.02,0.08,0.60,1.74,,,,,,volume_est,,,,,,,,,,,remarks=Vessel DO backfill,2026-07-24 15:15:51.944859+00,,,
17936,backfill,,2026-06-26,vessel,PSA Vessel,PIL_001,KOTA CARUM,B05,XE6221D,SATHISH,,Vessel Waste,,,1.20,0.00,0.60,0.01,0.03,0.30,2.14,,,,,,volume_est,,,,,,,,,,,remarks=Vessel DO backfill,2026-07-24 15:15:51.944859+00,,,
17938,backfill,,2026-06-28,vessel,PSA Vessel,PIL_001,KOTA SALAM,B05,XE6221D,SATHISH,,Vessel Waste,,,0.80,0.04,0.40,0.02,0.04,0.80,2.10,,,,,,volume_est,,,,,,,,,,,remarks=Vessel DO backfill,2026-07-24 15:15:51.944859+00,,,
APP-T51,live,,2026-07-30,land,Exchange,SAVI_003,,,XE7126P,YAO_JUN,Exchange,General Waste,,5151,,,,,,,,,,,,,volume_est,,,,,,,,,,,"app_trip_id=51 | bin_photos=https://zjtvrlbyfeirnrlqgefo.supabase.co/storage/v1/object/public/do-photos/ms6ylj60-BININ-95-1.jpg
https://zjtvrlbyfeirnrlqgefo.supabase.co/storage/v1/object/public/do-photos/ms6yljh2-BINOUT-95-1.jpg | bin_in_raw=L29 | job_no=95",2026-07-30 03:33:44.788+00,,,
18622,backfill,,2026-04-28,vessel,PSA Vessel,PIL_001,KOTA DUNIA,B07,XE6221D,KARTHIK,,Vessel Waste,,,1.00,0.06,0.60,0.00,0.00,0.10,1.76,,,,,,volume_est,,,,,,,,,,,remarks=Vessel DO backfill,2026-07-24 15:15:51.944859+00,,,
18624,backfill,,2026-05-07,vessel,PSA Vessel,PIL_001,KOTA MACHAN,B07,XE5457Y,KARTHIK,,Vessel Waste,,,0.40,0.00,0.40,0.01,0.00,0.20,1.01,,,,,,volume_est,,,,,,,,,,,remarks=Vessel DO backfill,2026-07-24 15:15:51.944859+00,,,
18627,backfill,,2026-05-14,vessel,PSA Vessel,PIL_001,KOTA NEBULA,B08,XE5457Y,KARTHIK,,Vessel Waste,,,0.60,0.00,0.60,0.00,0.00,0.30,1.50,,,,,,volume_est,,,,,,,,,,,remarks=Vessel DO backfill,2026-07-24 15:15:51.944859+00,,,
18629,backfill,,2026-05-18,vessel,PSA Vessel,PIL_001,KOTA GADANG,B05,XE5457Y,KARTHIK,,Vessel Waste,,,0.30,0.00,0.30,0.00,0.00,0.10,0.70,,,,,,volume_est,,,,,,,,,,,remarks=Vessel DO backfill,2026-07-24 15:15:51.944859+00,,,
18630,backfill,,2026-05-19,vessel,PSA Vessel,PIL_001,KOTA NALURI,B05,XE5457Y,KARTHIK,,Vessel Waste,,,1.20,0.00,0.70,0.03,0.03,0.60,2.56,,,,,,volume_est,,,,,,,,,,,remarks=Vessel DO backfill,2026-07-24 15:15:51.944859+00,,,
18039,backfill,,2026-05-10,vessel,PSA Vessel,PIL_001,KOTA GANDING,B08,XE7126P,YAO_JUN,,Vessel Waste,,,0.40,0.02,0.30,0.00,0.00,0.30,1.02,,,,,,volume_est,,,,,,,,,,,remarks=Vessel DO backfill,2026-07-24 15:15:51.944859+00,,,
18631,backfill,,2026-05-20,vessel,PSA Vessel,PIL_001,KOTA NEKAD,B06,XE5457Y,KARTHIK,,Vessel Waste,,,0.70,0.00,0.60,0.02,0.00,0.50,1.82,,,,,,volume_est,,,,,,,,,,,remarks=Vessel DO backfill; Oily rags 0.2 m3 | Oily rags 0.2 m3,2026-07-24 15:15:51.944859+00,,,
18634,backfill,,2026-05-27,vessel,PSA Vessel,PIL_001,KOTA LARIS,B06,XE5457Y,KARTHIK,,Vessel Waste,,,1.20,0.00,0.80,0.02,0.01,0.50,2.53,,,,,,volume_est,,,,,,,,,,,remarks=Vessel DO backfill; Incl 0.2 m3 oily rags | Incl 0.2 m3 oily rags,2026-07-24 15:15:51.944859+00,,,
18751,backfill,,2026-05-28,vessel,PSA Vessel,PIL_001,KOTA RAJIN,B05,XE7126P,YAO_JUN,,Vessel Waste,,,0.30,0.04,0.30,0.02,0.00,0.30,0.98,,,,,,volume_est,,,,,,,,,,,remarks=Vessel DO backfill; Cat I E-waste 0.02 m3; plate verify | Cat I E-waste 0.02 m3; plate verify,2026-07-24 15:15:51.944859+00,,,
18752,backfill,,2026-05-29,vessel,PSA Vessel,PIL_001,KOTA RANCAK,B06,XE7126P,YAO_JUN,,Vessel Waste,,,0.40,0.00,0.60,0.02,0.00,0.20,1.22,,,,,,volume_est,,,,,,,,,,,remarks=Vessel DO backfill; plate verify | plate verify,2026-07-24 15:15:51.944859+00,,,
18755,backfill,,2026-05-31,vessel,PSA Vessel,PIL_001,KOTA LAWA,B05,XE7126P,YAO_JUN,,Vessel Waste,,,1.10,0.00,1.10,0.02,0.00,1.10,3.32,,,,,,volume_est,,,,,,,,,,,remarks=Vessel DO backfill; plate verify | plate verify,2026-07-24 15:15:51.944859+00,,,
18757,backfill,,2026-06-01,vessel,PSA Vessel,PIL_001,KOTA RESTU,B06,XE7126P,YAO_JUN,,Vessel Waste,,,0.50,0.03,0.40,0.02,0.00,0.40,1.35,,,,,,volume_est,,,,,,,,,,,remarks=Vessel DO backfill; plate verify | plate verify,2026-07-24 15:15:51.944859+00,,,
18758,backfill,,2026-06-02,vessel,PSA Vessel,PIL_001,KOTA CEPAT,B06,XE7126P,YAO_JUN,,Vessel Waste,,,0.50,0.00,0.40,0.02,0.00,0.40,1.32,,,,,,volume_est,,,,,,,,,,,remarks=Vessel DO backfill; Faded scan — verify; 0.25 m3 solid sludge | Faded scan — verify; 0.25 m3 solid sludge,2026-07-24 15:15:51.944859+00,,,
18760,backfill,,2026-06-03,vessel,PSA Vessel,PIL_001,KOTA LARIS,B05,XE7126P,YAO_JUN,,Vessel Waste,,,0.30,0.00,0.30,0.00,0.00,0.10,0.70,,,,,,volume_est,,,,,,,,,,,remarks=Vessel DO backfill; 0.05 m3 oily rags; plate verify | 0.05 m3 oily rags; plate verify,2026-07-24 15:15:51.944859+00,,,
18762,backfill,,2026-06-05,vessel,PSA Vessel,PIL_001,KOTA JOHAN,B05,XE7126P,YAO_JUN,,Vessel Waste,,,0.50,0.02,0.60,0.02,0.00,0.62,1.80,,,,,,volume_est,,,,,,,,,,,remarks=Vessel DO backfill; Cat I 0.04 m3 | Cat I 0.04 m3,2026-07-24 15:15:51.944859+00,,,
18763,backfill,,2026-06-06,vessel,PSA Vessel,PIL_001,KOTA NAGA,B05,XE7126P,YAO_JUN,,Vessel Waste,,,0.45,0.03,0.95,0.00,0.00,0.40,1.83,,,,,,volume_est,,,,,,,,,,,remarks=Vessel DO backfill,2026-07-24 15:15:51.944859+00,,,
18767,backfill,,2026-06-09,vessel,PSA Vessel,PIL_001,KOTA CEMPAKA,B07,XE7126P,YAO_JUN,,Vessel Waste,,,0.70,0.03,0.50,0.01,0.00,0.20,1.44,,,,,,volume_est,,,,,,,,,,,remarks=Vessel DO backfill,2026-07-24 15:15:51.944859+00,,,
18771,backfill,,2026-06-11,vessel,PSA Vessel,PIL_001,KOTA NABIL,B07,XE7126P,YAO_JUN,,Vessel Waste,,,0.80,0.00,0.30,0.00,0.03,0.40,1.53,,,,,,volume_est,,,,,,,,,,,remarks=Vessel DO backfill,2026-07-24 15:15:51.944859+00,,,
18772,backfill,,2026-06-11,vessel,PSA Vessel,PIL_001,KOTA LOCENG,B06,XE7126P,YAO_JUN,,Vessel Waste,,,1.50,0.03,1.10,0.02,0.01,0.50,3.16,,,,,,volume_est,,,,,,,,,,,remarks=Vessel DO backfill; Cat A 1.1/1.5 unclear | Cat A 1.1/1.5 unclear,2026-07-24 15:15:51.944859+00,,,
18779,backfill,,2026-06-17,vessel,PSA Vessel,PIL_001,KOTA GANDING,B06,XE7126P,YAO_JUN,,Vessel Waste,,,0.40,0.02,0.30,0.00,0.00,0.30,1.02,,,,,,volume_est,,,,,,,,,,,remarks=Vessel DO backfill,2026-07-24 15:15:51.944859+00,,,
18782,backfill,,2026-06-18,vessel,PSA Vessel,PIL_001,KOTA MAKMUR,B07,XE7126P,YAO_JUN,,Vessel Waste,,,0.60,0.00,0.60,0.02,0.00,0.60,1.82,,,,,,volume_est,,,,,,,,,,,remarks=Vessel DO backfill,2026-07-24 15:15:51.944859+00,,,
18783,backfill,,2026-06-22,vessel,PSA Vessel,PIL_001,SALERNO EXPRESS,B07,XE7126P,YAO_JUN,,Vessel Waste,,,0.40,0.00,0.40,0.00,0.00,0.50,1.30,,,,,,volume_est,,,,,,,,,,,remarks=Vessel DO backfill,2026-07-24 15:15:51.944859+00,,,
18785,backfill,,2026-06-22,vessel,PSA Vessel,PIL_001,KOTA DUTA,B05,XE7126P,YAO_JUN,,Vessel Waste,,,0.90,0.00,0.40,0.01,0.02,0.70,2.03,,,,,,volume_est,,,,,,,,,,,remarks=Vessel DO backfill; Incl 0.5 m3 oily rags | Incl 0.5 m3 oily rags,2026-07-24 15:15:51.944859+00,,,
18790,backfill,,2026-06-26,vessel,PSA Vessel,PIL_001,KOTA SAHABAT,B06,XE7126P,YAO_JUN,,Vessel Waste,,,0.50,0.04,0.50,0.02,0.00,0.50,1.56,,,,,,volume_est,,,,,,,,,,,remarks=Vessel DO backfill,2026-07-24 15:15:51.944859+00,,,
23637,backfill,,2026-06-09,standard,,SAV_001,,,XE6221D,,,General Waste,,,,,,,,,,,,,,,volume_est,,,,,,,,,,,reocr 24Jul2026 from SAVILLS BLUE HUB (1) (1).pdf | bin_in_raw=L51 | bin_out_raw=L29 | location=Bay-109 | job=exchange,2026-07-24 15:45:07.605862+00,,,
24200,backfill,,2026-06-09,standard,,SAV_001,,,,,,General Waste,,,,,,,,,,,,,,,volume_est,,,,,,,,,,,reocr 24Jul2026 from SAVILLS BLUE HUB (1) (1).pdf | bin_in_raw=5196? | bin_out_raw=L48 | location=L6 | date digit unclear (read 09/06/26) - verify,2026-07-24 15:45:07.605862+00,,,
25860,backfill,,2026-06-13,standard,,SAV_001,,,XE4491D,,,General Waste,,,,,,,,,,,,,,,volume_est,,,,,,,,,,,reocr 24Jul2026 from SAVILLS BLUE HUB (1) (1).pdf | bin_in_raw=5057? | bin_out_raw=5092? | location=Level-6-609 | job=exchange | bin digits unclear,2026-07-24 15:45:07.605862+00,,,
23748,backfill,,2026-06-15,standard,,SAV_001,,,,,,General Waste,,,,,,,,,,,,,,,volume_est,,,,,,,,,,,reocr 24Jul2026 from SAVILLS BLUE HUB (1) (1).pdf | bin_in_raw=5147? | bin_out_raw=L29 | location=L3 | bin_in unclear,2026-07-24 15:45:07.605862+00,,,
24120,backfill,,2026-06-18,standard,,SAV_001,,,,,,General Waste,,,,,,,,,,,,,,,volume_est,,,,,,,,,,,reocr 24Jul2026 from SAVILLS BLUE HUB (1) (1).pdf | bin_in_raw=5108? | bin_out_raw=5197? | location=L4 | bin digits unclear,2026-07-24 15:45:07.605862+00,,,
24121,backfill,,2026-06-18,standard,,SAV_001,,,,,,General Waste,,,,,,,,,,,,,,,volume_est,,,,,,,,,,,reocr 24Jul2026 from SAVILLS BLUE HUB (1) (1).pdf | bin_in_raw=5197? | bin_out_raw=5055? | location=L6 | bin digits unclear,2026-07-24 15:45:07.605862+00,,,
23902,backfill,,2026-06-20,standard,,SAV_001,,,XE5457Y,,,General Waste,,,,,,,,,,,,,,,volume_est,,,,,,,,,,,reocr 24Jul2026 from SAVILLS BLUE HUB (1) (1).pdf | bin_in_raw=5032 | bin_out_raw=L51 | location=Bay-109 | job=exchange,2026-07-24 15:45:07.605862+00,,,
23528,backfill,,2026-06-22,standard,,SAV_001,,,,,,General Waste,,,,,,,,,,,,,,,volume_est,,,,,,,,,,,reocr 24Jul2026 from SAVILLS BLUE HUB (1) (1).pdf | bin_in_raw=L31? | bin_out_raw=5147? | location=L3 | bin_in unclear,2026-07-24 15:45:07.605862+00,,,
23905,backfill,,2026-06-22,standard,,SAV_001,,,XE6221D,,,General Waste,5213,5197,,,,,,,,,,,,,volume_est,,,,,,,,,,,reocr 24Jul2026 from SAVILLS BLUE HUB (1) (1).pdf | bin_in_raw=5213 | bin_out_raw=5197 | location=Level-6 | job=exchange,2026-07-24 15:45:07.605862+00,,,
24301,backfill,,2026-06-24,standard,,SAV_001,,,,,,General Waste,,5213,,,,,,,,,,,,,volume_est,,,,,,,,,,,reocr 24Jul2026 from SAVILLS BLUE HUB (1) (1).pdf | bin_in_raw=5054? | bin_out_raw=5213 | location=L6 | bin_in unclear,2026-07-24 15:45:07.605862+00,,,
24451,backfill,,2026-06-29,standard,,SAV_001,,,XE4491D,,,General Waste,5222,5108,,,,,,,,,,,,,volume_est,,,,,,,,,,,reocr 24Jul2026 from SAVILLS BLUE HUB (1) (1).pdf | bin_in_raw=5222 | bin_out_raw=5108 | job=exchange,2026-07-24 15:45:07.605862+00,,,
26062,live,,2026-07-30,land,Exchange,SAVI_001,,,XE7126P,YAO_JUN,Exchange,General Waste,,5151,,,,,,,,15010.0,14320.0,690.0,LR44,,weighbridge,,,,,https://zjtvrlbyfeirnrlqgefo.supabase.co/storage/v1/object/public/do-photos/ms6ymuzj-DO-95-1.jpg,,,,,,"app_trip_id=51 | bin_photos=https://zjtvrlbyfeirnrlqgefo.supabase.co/storage/v1/object/public/do-photos/ms6ylj60-BININ-95-1.jpg
https://zjtvrlbyfeirnrlqgefo.supabase.co/storage/v1/object/public/do-photos/ms6yljh2-BINOUT-95-1.jpg | bin_in_raw=L29 | job_no=95",2026-07-30 03:55:27.227+00,,,
26063,live,,2026-07-30,land,Exchange,FAX_001,,,XE7126P,YAO_JUN,Exchange,Wood Waste,5151,5089,,,,,,,,18200.0,14050.0,4150.0,LR45,,weighbridge,,,,,https://zjtvrlbyfeirnrlqgefo.supabase.co/storage/v1/object/public/do-photos/ms709mp2-DO-96-1.jpg,,,,,,"app_trip_id=52 | bin_photos=https://zjtvrlbyfeirnrlqgefo.supabase.co/storage/v1/object/public/do-photos/ms7022jl-BININ-96-1.jpg
https://zjtvrlbyfeirnrlqgefo.supabase.co/storage/v1/object/public/do-photos/ms7022tw-BINOUT-96-1.jpg | job_no=96",2026-07-30 04:53:27.475+00,,,
APP-T31,live,,2026-07-27,land,Exchange,STX_001,,,XE7126P,YAO_JUN,Exchange,General Waste,,,,,,,,,,20760.0,15750.0,5010.0,LR19,,weighbridge,,,,,,,,,,,"app_trip_id=31 | bin_photos=https://zjtvrlbyfeirnrlqgefo.supabase.co/storage/v1/object/public/do-photos/ms31ynjl-BININ-52-1.jpg
https://zjtvrlbyfeirnrlqgefo.supabase.co/storage/v1/object/public/do-photos/ms31ynw7-BINOUT-52-1.jpg | bin_in_raw=8000 | bin_out_raw=8000 | job_no=52",2026-07-27 09:57:10.165+00,,,
26200,live,,2026-07-27,land,Exchange,SAVI_001,,,XE7126P,YAO_JUN,Exchange,General Waste,5196,,,,,,,,,14830.0,14120.0,710.0,LR20,,weighbridge,,,,,https://zjtvrlbyfeirnrlqgefo.supabase.co/storage/v1/object/public/do-photos/ms33hlzc-DO-53-1.jpg,,,,,,"app_trip_id=32 | bin_photos=https://zjtvrlbyfeirnrlqgefo.supabase.co/storage/v1/object/public/do-photos/ms33hlne-BININ-53-1.jpg
https://zjtvrlbyfeirnrlqgefo.supabase.co/storage/v1/object/public/do-photos/ms33hlvi-BINOUT-53-1.jpg | bin_out_raw=L26 | job_no=53",2026-07-27 11:04:35.36+00,,,
APP-T33,live,,2026-07-28,land,Dump,BEE_001,,,,YAO_JUN,Dump,General Waste,,,,,,,,,,17310.0,14150.0,3160.0,LR21,,weighbridge,,,,,,,,,,,app_trip_id=33 | bin_photos=https://zjtvrlbyfeirnrlqgefo.supabase.co/storage/v1/object/public/do-photos/ms3z2m8u-BIN-68-1.jpg | job_no=68,2026-07-28 01:39:57.301+00,,,
26052,live,,2026-07-28,land,Exchange,RAD_001,,,XE7126P,YAO_JUN,Exchange,Wood Waste,,7017,,,,,,,,17820.0,15150.0,2670.0,LR22,,weighbridge,,,,,https://zjtvrlbyfeirnrlqgefo.supabase.co/storage/v1/object/public/do-photos/ms433tej-DO-70-1.jpg,,,,,,"app_trip_id=34 | bin_photos=https://zjtvrlbyfeirnrlqgefo.supabase.co/storage/v1/object/public/do-photos/ms433t2h-BININ-70-1.jpg
https://zjtvrlbyfeirnrlqgefo.supabase.co/storage/v1/object/public/do-photos/ms433tap-BINOUT-70-1.jpg | bin_in_raw=R11 | job_no=70",2026-07-28 03:52:47.735+00,,,
26053,live,,2026-07-28,land,Exchange,RAD_001,,,XE7126P,YAO_JUN,Exchange,Wood Waste,7017,7006,,,,,,,,16980.0,14520.0,2460.0,LR23,,weighbridge,,,,,https://zjtvrlbyfeirnrlqgefo.supabase.co/storage/v1/object/public/do-photos/ms451p83-DO-69-1.jpg,,,,,,"app_trip_id=35 | bin_photos=https://zjtvrlbyfeirnrlqgefo.supabase.co/storage/v1/object/public/do-photos/ms451ots-BININ-69-1.jpg
https://zjtvrlbyfeirnrlqgefo.supabase.co/storage/v1/object/public/do-photos/ms451p23-BINOUT-69-1.jpg | job_no=69",2026-07-28 04:41:10.933+00,,,
APP-T36,live,,2026-07-29,land,Exchange,EVE_001,,,XE7126P,YAO_JUN,Exchange,General Waste,5047,,,,,,,,,,,,,,volume_est,,,,,,,,,,,"app_trip_id=36 | bin_photos=https://zjtvrlbyfeirnrlqgefo.supabase.co/storage/v1/object/public/do-photos/ms5atplk-BININ-71-1.jpg
https://zjtvrlbyfeirnrlqgefo.supabase.co/storage/v1/object/public/do-photos/ms5atpuq-BINOUT-71-1.jpg | bin_out_raw=L57 | job_no=71",2026-07-28 23:40:29.416+00,,,
26057,live,,2026-07-29,land,Exchange,EVE_001,,,XE7126P,YAO_JUN,Exchange,General Waste,5047,,,,,,,,,16840.0,14450.0,2390.0,LR24,,weighbridge,,,,,https://zjtvrlbyfeirnrlqgefo.supabase.co/storage/v1/object/public/do-photos/ms5b71vv-DO-71-1.jpg,,,,,,"app_trip_id=36 | bin_photos=https://zjtvrlbyfeirnrlqgefo.supabase.co/storage/v1/object/public/do-photos/ms5atplk-BININ-71-1.jpg
https://zjtvrlbyfeirnrlqgefo.supabase.co/storage/v1/object/public/do-photos/ms5atpuq-BINOUT-71-1.jpg | bin_out_raw=L57 | job_no=71",2026-07-28 23:58:34.371+00,,,
23306,backfill,,2026-05-18,land,Exchange,PAX_001,,,XE8496P,,,General Waste,,5047,,,,,,,,14710.0,21870.0,7130.0,1042,,weighbridge,,,,,,,,,,,remarks=Backfill DO + weighbridge (May 2026); 1x5FT; weighed by AMIR-K12898,2026-07-24 15:15:51.944859+00,,,
23307,backfill,,2026-05-18,land,Exchange,PAX_001,,,XE8496P,,,General Waste,,5194,,,,,,,,14850.0,17380.0,2530.0,1045,,weighbridge,,,,,,,,,,,remarks=Backfill DO + weighbridge (May 2026); 1x5FT; weighed by AMIR-K12898; Bin In unclear — verify | Bin In unclear — verify,2026-07-24 15:15:51.944859+00,,,
23310,backfill,,2026-05-18,land,Exchange,PAX_001,,,XE8496P,,,General Waste,5108,,,,,,,,,14240.0,17650.0,3410.0,1052,,weighbridge,,,,,,,,,,,remarks=Backfill DO + weighbridge (May 2026); 1x5FT; weighed by AMIR-K12898,2026-07-24 15:15:51.944859+00,,,
23312,backfill,,2026-05-19,land,Exchange,PAX_001,,,XE8496P,,,General Waste,5096,5108,,,,,,,,14710.0,17010.0,2300.0,1055,,weighbridge,,,,,,,,,,,remarks=Backfill DO + weighbridge (May 2026); 1x5FT; weighed by LOH MG-K001775,2026-07-24 15:15:51.944859+00,,,
APP-T26,live,,2026-07-27,land,Delivery,SYS_001,,,XE7126P,YAO_JUN,Delivery,General Waste,5092,,,,,,,,,3.0,2.0,1.0,LR38,,weighbridge,,,,,,,,,,,app_trip_id=26 | bin_photos=https://zjtvrlbyfeirnrlqgefo.supabase.co/storage/v1/object/public/do-photos/ms2uzua3-BININ-47-1.jpg | job_no=47,2026-07-29 23:51:24.044+00,,,
130359,live,,2026-07-27,land,Exchange,HCG_001,,,XE7126P,YAO_JUN,Exchange,General Waste,,,,,,,,,,3.0,2.0,1.0,LR39,,weighbridge,,,,,https://zjtvrlbyfeirnrlqgefo.supabase.co/storage/v1/object/public/do-photos/ms31xbw7-DO-51-1.jpg,,,,,,"app_trip_id=30 | bin_photos=https://zjtvrlbyfeirnrlqgefo.supabase.co/storage/v1/object/public/do-photos/ms31xbl4-BININ-51-1.jpg
https://zjtvrlbyfeirnrlqgefo.supabase.co/storage/v1/object/public/do-photos/ms31xbql-BINOUT-51-1.jpg | bin_in_raw=5132 | bin_out_raw=5070 | job_no=51",2026-07-29 23:51:30.955+00,,,
23321,backfill,,2026-05-20,land,Exchange,PAX_001,,,XE8496P,,,General Waste,5046,5047,,,,,,,,14760.0,18580.0,3820.0,1081,,weighbridge,,,,,,,,,,,remarks=Backfill DO + weighbridge (May 2026); 1x5FT; weighed by AMIR-K12898; Bin Out unclear — verify | Bin Out unclear — verify,2026-07-24 15:15:51.944859+00,,,
23318,backfill,,2026-05-20,land,Exchange,PAX_001,,,XE8496P,,,General Waste,,5096,,,,,,,,11610.0,16690.0,5070.0,1070,,weighbridge,,,,,,,,,,,remarks=Backfill DO + weighbridge (May 2026); 1x5FT; weighed by MURU-K001956,2026-07-24 15:15:51.944859+00,,,
23323,backfill,,2026-05-21,land,Exchange,PAX_001,,,XE8496P,,,General Waste,,,,,,,,,,14430.0,16620.0,2190.0,1087,,weighbridge,,,,,,,,,,,remarks=Backfill DO + weighbridge (May 2026); 1x5FT; weighed by MUSTAFA; Bin In unclear — verify | Bin In unclear — verify,2026-07-24 15:15:51.944859+00,,,
23328,backfill,,2026-05-21,land,Exchange,PAX_001,,,XE8496P,,,General Waste,,,,,,,,,,14290.0,18110.0,3820.0,1089,,weighbridge,,,,,,,,,,,bin_out_raw=5040 | bin_in_raw=735 | remarks=Backfill DO + weighbridge (May 2026); 1x5FT; weighed by AMIR-K12898; Bin In/Out unclear — verify | Bin In/Out unclear — verify,2026-07-24 15:15:51.944859+00,,,
23329,backfill,,2026-05-22,land,Exchange,PAX_001,,,XE8496P,,,General Waste,,,,,,,,,,14250.0,18470.0,4220.0,1091,,weighbridge,,,,,,,,,,,remarks=Backfill DO + weighbridge (May 2026); 1x5FT; weighed by AMIR-K12898; Bin Out unclear — verify | Bin Out unclear — verify,2026-07-24 15:15:51.944859+00,,,
23330,backfill,,2026-05-22,land,Exchange,PAX_001,,,XE8496P,,,General Waste,5060,5135,,,,,,,,14750.0,17380.0,2630.0,1104,,weighbridge,,,,,,,,,,,remarks=Backfill DO + weighbridge (May 2026); 1x5FT; weighed by AMIR-K12898,2026-07-24 15:15:51.944859+00,,,
23305,backfill,,2026-05-23,land,Exchange,PAX_001,,,XE8496P,,,General Waste,,5060,,,,,,,,14170.0,17990.0,3820.0,1101,,weighbridge,,,,,,,,,,,remarks=Backfill DO + weighbridge (May 2026); 1x5FT; weighed by BALA-K009902,2026-07-24 15:15:51.944859+00,,,
23334,backfill,,2026-05-23,land,Exchange,PAX_001,,,XE8496P,,,General Waste,,,,,,,,,,15030.0,16240.0,1240.0,1107,,weighbridge,,,,,,,,,,,remarks=Backfill DO + weighbridge (May 2026); 1x5FT; weighed by AMIR-K12898; Bin In unclear — verify | Bin In unclear — verify,2026-07-24 15:15:51.944859+00,,,
18040,backfill,,2026-05-10,vessel,PSA Vessel,PIL_001,KOTA SELAMAT,B06,XE7126P,YAO_JUN,,Vessel Waste,,,0.60,0.00,0.50,0.01,0.00,0.30,1.41,,,,,,volume_est,,,,,,,,,,,remarks=Vessel DO backfill; Oily rags in bags 0.25 m3 | Oily rags in bags 0.25 m3,2026-07-24 15:15:51.944859+00,,,
18044,backfill,,2026-05-16,vessel,PSA Vessel,PIL_001,KOTA PAHLAWAN,B05,XE7126P,YAO_JUN,,Vessel Waste,,,1.20,0.00,0.60,0.04,0.14,0.40,2.38,,,,,,volume_est,,,,,,,,,,,remarks=Vessel DO backfill,2026-07-24 15:15:51.944859+00,,,
18047,backfill,,2026-05-25,vessel,PSA Vessel,PIL_001,KOTA MAKMUR,B06,XE7126P,YAO_JUN,,Vessel Waste,,,0.80,0.00,0.60,0.02,0.00,0.80,2.22,,,,,,volume_est,,,,,,,,,,,remarks=Vessel DO backfill; Oily rags 0.2 m3 | Oily rags 0.2 m3,2026-07-24 15:15:51.944859+00,,,
18049,backfill,,2026-05-26,vessel,PSA Vessel,PIL_001,KOTA SABAS,B05,XE7126P,YAO_JUN,,Vessel Waste,,,0.50,0.02,0.60,0.02,0.01,0.40,1.55,,,,,,volume_est,,,,,,,,,,,remarks=Vessel DO backfill,2026-07-24 15:15:51.944859+00,,,
18050,backfill,,2026-05-27,vessel,PSA Vessel,PIL_001,KOTA SELAMAT,B06,XE7126P,YAO_JUN,,Vessel Waste,,,0.60,0.00,0.40,0.01,0.00,0.20,1.21,,,,,,volume_est,,,,,,,,,,,remarks=Vessel DO backfill,2026-07-24 15:15:51.944859+00,,,
43184,live,,2026-07-29,land,Exchange,STX_001,,,XE7126P,YAO_JUN,Exchange,General Waste,,,,,,,,,,16870.0,14050.0,2820.0,LR25,,weighbridge,,,,,https://zjtvrlbyfeirnrlqgefo.supabase.co/storage/v1/object/public/do-photos/ms5soxqm-DO-72-1.jpg,,,,,,"app_trip_id=37 | bin_photos=https://zjtvrlbyfeirnrlqgefo.supabase.co/storage/v1/object/public/do-photos/ms5soxc5-BININ-72-1.jpg
https://zjtvrlbyfeirnrlqgefo.supabase.co/storage/v1/object/public/do-photos/ms5soxml-BINOUT-72-1.jpg | bin_in_raw=6006 | bin_out_raw=6006 | job_no=72",2026-07-29 08:00:54.54+00,,,
43183,live,,2026-07-29,land,Exchange,STX_001,,,XE7126P,YAO_JUN,Exchange,Wood Waste,,,,,,,,,,17620.0,15830.0,1790.0,LR26,,weighbridge,,,,,https://zjtvrlbyfeirnrlqgefo.supabase.co/storage/v1/object/public/do-photos/ms5sqrw2-DO-73-1.jpg,,,,,,"app_trip_id=38 | bin_photos=https://zjtvrlbyfeirnrlqgefo.supabase.co/storage/v1/object/public/do-photos/ms5sqrla-BININ-73-1.jpg
https://zjtvrlbyfeirnrlqgefo.supabase.co/storage/v1/object/public/do-photos/ms5sqrrd-BINOUT-73-1.jpg | bin_in_raw=8000 | bin_out_raw=8000 | job_no=73",2026-07-29 08:02:19.61+00,,,
43186,live,,2026-07-29,land,Exchange,STX_001,,,XE7126P,YAO_JUN,Exchange,General Waste,,,,,,,,,,16580.0,13950.0,2630.0,LR27,,weighbridge,,,,,https://zjtvrlbyfeirnrlqgefo.supabase.co/storage/v1/object/public/do-photos/ms5ss9vo-DO-74-1.jpg,,,,,,"app_trip_id=39 | bin_photos=https://zjtvrlbyfeirnrlqgefo.supabase.co/storage/v1/object/public/do-photos/ms5ss9ma-BININ-74-1.jpg
https://zjtvrlbyfeirnrlqgefo.supabase.co/storage/v1/object/public/do-photos/ms5ss9rk-BINOUT-74-1.jpg | bin_in_raw=6005 | bin_out_raw=6005 | job_no=74",2026-07-29 08:03:29.649+00,,,
APP-T41,live,,2026-07-29,land,Exchange,NEA_001,,,XE7126P,YAO_JUN,Exchange,General Waste,,,,,,,,,,23250.0,15860.0,7390.0,LR29,,weighbridge,,,,,https://zjtvrlbyfeirnrlqgefo.supabase.co/storage/v1/object/public/do-photos/ms5svumm-DO-76-1.jpg,,,,,,"app_trip_id=41 | bin_photos=https://zjtvrlbyfeirnrlqgefo.supabase.co/storage/v1/object/public/do-photos/ms5svucu-BININ-76-1.jpg
https://zjtvrlbyfeirnrlqgefo.supabase.co/storage/v1/object/public/do-photos/ms5svuiu-BINOUT-76-1.jpg | bin_in_raw=R13 | bin_out_raw=R13 | job_no=76",2026-07-29 08:06:28.103+00,,,
26058,live,,2026-07-29,land,Exchange,GSE_001,,,XE7126P,YAO_JUN,Exchange,General Waste,,,,,,,,,,15790.0,14050.0,1740.0,LR30,,weighbridge,,,,,https://zjtvrlbyfeirnrlqgefo.supabase.co/storage/v1/object/public/do-photos/ms5sy3bv-DO-77-1.jpg,,,,,,"app_trip_id=42 | bin_photos=https://zjtvrlbyfeirnrlqgefo.supabase.co/storage/v1/object/public/do-photos/ms5sy324-BININ-77-1.jpg
https://zjtvrlbyfeirnrlqgefo.supabase.co/storage/v1/object/public/do-photos/ms5sy370-BINOUT-77-1.jpg | bin_in_raw=L804 | bin_out_raw=L808 | job_no=77",2026-07-29 08:07:59.392+00,,,
26060,live,,2026-07-29,land,Exchange,HYU_001,,,XE7126P,YAO_JUN,Exchange,General Waste,5079,5079,,,,,,,,18710.0,14150.0,4560.0,LR32,,weighbridge,,,,,https://zjtvrlbyfeirnrlqgefo.supabase.co/storage/v1/object/public/do-photos/ms5t6plv-DO-78-1.jpg,,,,,,"app_trip_id=43 | bin_photos=https://zjtvrlbyfeirnrlqgefo.supabase.co/storage/v1/object/public/do-photos/ms5t6p8d-BININ-78-1.jpg
https://zjtvrlbyfeirnrlqgefo.supabase.co/storage/v1/object/public/do-photos/ms5t6pem-BINOUT-78-1.jpg | job_no=78",2026-07-29 10:50:10.018+00,,,
APP-T44,live,,2026-07-29,land,Exchange,NEA_001,,,XE7126P,YAO_JUN,Exchange,General Waste,,,,,,,,,,22490.0,15610.0,6880.0,LR31,,weighbridge,,,,,,,,,,,"app_trip_id=44 | bin_photos=https://zjtvrlbyfeirnrlqgefo.supabase.co/storage/v1/object/public/do-photos/ms5xviy1-BININ-79-1.jpg
https://zjtvrlbyfeirnrlqgefo.supabase.co/storage/v1/object/public/do-photos/ms5xvjmq-BINOUT-79-1.jpg | bin_in_raw=R02 | bin_out_raw=R02 | job_no=79",2026-07-29 10:26:06.274+00,,,
APP-T49,live,,2026-07-30,land,,ECO_001,,,XE8496P,,,General Waste,,,,,,,,,,0.0,0.0,0.0,,,weighbridge,,,,,https://zjtvrlbyfeirnrlqgefo.supabase.co/storage/v1/object/public/do-photos/ms6vl45v-DO-94-1.jpg,https://zjtvrlbyfeirnrlqgefo.supabase.co/storage/v1/object/public/do-photos/ms6vl4ed-SIG-94-1.jpg,,,,,"app_trip_id=49 | bin_photos=https://zjtvrlbyfeirnrlqgefo.supabase.co/storage/v1/object/public/do-photos/ms701kqr-BININ-94-1.jpg
https://zjtvrlbyfeirnrlqgefo.supabase.co/storage/v1/object/public/do-photos/ms701lfz-BINOUT-94-1.jpg | bin_in_raw=R13 | bin_out_raw=R13 | job_no=94",2026-07-30 06:49:37.464+00,,,
26059,live,,2026-07-29,land,Exchange,INV_001,,,XE7126P,YAO_JUN,Exchange,General Waste,5079,,,,,,,,,16310.0,14100.0,2210.0,LR33,,weighbridge,,,,,https://zjtvrlbyfeirnrlqgefo.supabase.co/storage/v1/object/public/do-photos/ms5zmsyg-DO-80-1.jpg,,,,,,"app_trip_id=45 | bin_photos=https://zjtvrlbyfeirnrlqgefo.supabase.co/storage/v1/object/public/do-photos/ms5zmslm-BININ-80-1.jpg
https://zjtvrlbyfeirnrlqgefo.supabase.co/storage/v1/object/public/do-photos/ms5zmstf-BINOUT-80-1.jpg | bin_out_raw=5224 | job_no=80",2026-07-29 12:41:31.337+00,,,
41767,live,,2026-07-15,land,Load,BCW_001,,,XE7126P,YAO_JUN,Load,Wood Waste,,,,,,,,,,3.0,2.0,1.0,LR34,,weighbridge,,,,,https://drive.google.com/uc?export=view&id=1FjqgXtP6_HEjulcsh5XRY624R0ZLCABz,,,,,,"app_trip_id=12 | bin_photos=https://drive.google.com/uc?export=view&id=1PEcHHSrsgmdw_FYGmwz2SXf_YQIkItmt
https://drive.google.com/uc?export=view&id=1rENbGVPDnU17thW_8d7IvoIsCzn7s8os | bin_in_raw=R13 | bin_out_raw=R13 | job_no=5",2026-07-29 23:50:53.287+00,,,
130352,live,,2026-07-15,land,Exchange,HCG_001,,,XE7126P,YAO_JUN,Exchange,General Waste,,,,,,,,,,3.0,2.0,1.0,LR35,,weighbridge,,,,,https://drive.google.com/uc?export=view&id=1Ep2VBalTd9LvuG-sgK2WQM-XndKvkaeF,,,,,,"app_trip_id=14 | bin_photos=https://drive.google.com/uc?export=view&id=18ZwPbi7_6RWP8GelyM2jj_v9C7O9yyMf
https://drive.google.com/uc?export=view&id=1_ujAtz5uxQsJBsui_YII3hBEoUSl5luo | bin_in_raw=5070号 | bin_out_raw=5193 | job_no=7",2026-07-29 23:51:01.527+00,,,
LR26/02/0112,backfill,,2026-02-28,,,STE_001,,,,,,General Waste,,,,,,,,,,,,106080.0,,,invoice,,,,,,,,,,,"STE monthly aggregate; 23 trips; PO 3020388477; inv $11,186.19",2026-07-31 03:02:32.106388+00,,,
APP-T52,live,,2026-07-30,land,Exchange,FAX_001,,,XE7126P,YAO_JUN,Exchange,General Waste,5151,5089,,,,,,,,,,,,,volume_est,,,,,,,,,,,"app_trip_id=52 | bin_photos=https://zjtvrlbyfeirnrlqgefo.supabase.co/storage/v1/object/public/do-photos/ms7022jl-BININ-96-1.jpg
https://zjtvrlbyfeirnrlqgefo.supabase.co/storage/v1/object/public/do-photos/ms7022tw-BINOUT-96-1.jpg | job_no=96",2026-07-30 04:14:36.005+00,,,
13036,live,,2026-07-30,land,Exchange,HCG_001,,,XE7126P,YAO_JUN,Exchange,General Waste,,,,,,,,,,3.0,2.0,1.0,LR47,,weighbridge,,,,,https://zjtvrlbyfeirnrlqgefo.supabase.co/storage/v1/object/public/do-photos/ms776qx7-DO-98-1.jpg,,,,,,"app_trip_id=54 | bin_photos=https://zjtvrlbyfeirnrlqgefo.supabase.co/storage/v1/object/public/do-photos/ms776qh3-BININ-98-1.jpg
https://zjtvrlbyfeirnrlqgefo.supabase.co/storage/v1/object/public/do-photos/ms776qqi-BINOUT-98-1.jpg | bin_in_raw=5070 | bin_out_raw=5132 | job_no=98",2026-07-30 07:34:24.911+00,,,
LR26/02/0113,backfill,,2026-02-26,,,STE_001,,,,,,Used Tyre Fender,,,,,,,,,,,,4950.0,,,invoice,,,,,,,,,,,"1 trip; PO 3020388477; inv $5,469.62",2026-07-31 03:02:32.106388+00,,,
LR26/02/0114,backfill,,2026-02-28,,,STE_002,,,,,,General Waste,,,,,,,,,,,,197800.0,,,invoice,,,,,,,,,,,"49 trips; PO 3020388002; inv $21,311.24",2026-07-31 03:02:32.106388+00,,,
LR26/02/0115,backfill,,2026-02-28,,,STE_002,,,,,,Wood Waste,,,,,,,,,,,,36200.0,,,invoice,,,,,,,,,,,"11 trips; PO 3020388002; inv $3,325.15",2026-07-31 03:02:32.106388+00,,,
LR26/03/0253,backfill,,2026-03-31,,,STE_001,,,,,,Concrete Stone,,,,,,,,,,,,25490.0,,,invoice,,,,,,,,,,,"site not stated on invoice (assumed Benoi - VERIFY); 1 trip; ref 3020392527; inv $2,767.73",2026-07-31 03:02:32.106388+00,,,
26061,live,,2026-07-30,land,Delivery,HYU_001,,,XE7126P,YAO_JUN,Delivery,General Waste,,,,,,,,,,21070.0,14050.0,7020.0,LR42,,weighbridge,,,,,https://zjtvrlbyfeirnrlqgefo.supabase.co/storage/v1/object/public/do-photos/ms6u83mv-DO-93-1.jpg,,,,,,app_trip_id=48 | bin_photos=https://zjtvrlbyfeirnrlqgefo.supabase.co/storage/v1/object/public/do-photos/ms6u83cm-BININ-93-1.jpg | bin_in_raw=L29 | job_no=93,2026-07-30 03:00:14.756+00,,,
LR26/03/0269,backfill,,2026-03-31,,,STE_001,,,,,,Wood Waste,,,,,,,,,,,,61480.0,,,invoice,,,,,,,,,,,"21 trips; PO 3020391381; inv $5,824.13",2026-07-31 03:02:32.106388+00,,,
LR26/03/0270,backfill,,2026-03-31,,,STE_001,,,,,,General Waste,,,,,,,,,,,,154520.0,,,invoice,,,,,,,,,,,"29 trips; PO 3020391381; inv $15,960.48",2026-07-31 03:02:32.106388+00,,,
LR26/03/0271,backfill,,2026-03-31,,,STE_002,,,,,,General Waste,,,,,,,,,,,,263750.0,,,invoice,,,,,,,,,,,"66 trips; PO 3020390997; inv $28,465.90",2026-07-31 03:02:32.106388+00,,,
LR26/03/0272,backfill,,2026-03-31,,,STE_002,,,,,,Wood Waste,,,,,,,,,,,,85020.0,,,invoice,,,,,,,,,,,"20 trips; PO 3020390997; inv $7,364.32",2026-07-31 03:02:32.106388+00,,,
LR26/03/0273,backfill,,2026-03-31,,,STE_002,,,,,,Used Tyre,,,,,,,,,,,,,,,invoice,,,,,,,,,,,11 pcs @ $3; 1 trip; PO 3020390997; inv $110.09,2026-07-31 03:02:32.106388+00,,,
LR26/03/0274,backfill,,2026-03-31,,,STE_002,,,,,,Used Rubber Fender,,,,,,,,,,,,3570.0,,,invoice,,,,,,,,,,,"1 trip; PO 3020390997; inv $3,965.42",2026-07-31 03:02:32.106388+00,,,
LR26/04/0056,backfill,,2026-04-10,,,STE_003,,,,,,OTC Waste,,,,,,,,,,,,10290.0,,,invoice,,,,,,,,,,,"3 trips; ref 3020391689; inv $1,266.56; evidence: DO & Ticket (CDPL Tuas).pdf",2026-07-31 03:02:32.106388+00,,,
LR26/04/0192,backfill,,2026-04-30,,,STE_001,,,,,,Wood Waste,,,,,,,,,,,,63020.0,,,invoice,,,,,,,,,,,"21 trips; PO 3020394416; inv $5,929.88",2026-07-31 03:02:32.106388+00,,,
LR26/04/0193,backfill,,2026-04-30,,,STE_001,,,,,,General Waste,,,,,,,,,,,,160070.0,,,invoice,,,,,,,,,,,"29 trips; PO 3020394416; inv $16,456.54",2026-07-31 03:02:32.106388+00,,,
25865,backfill,,2026-06-15,,,STE_004,,,,,,General Waste,,,,,,,,,,,,3990.0,,,invoice,,,,,,,,,,,DO#25865; IWMF Pkg 1; PO 3020397117; part of inv LR26/06/0010,2026-07-31 03:02:32.106388+00,,,
25887,backfill,,2026-06-19,,,STE_004,,,,,,General Waste,,,,,,,,,,,,4400.0,,,invoice,,,,,,,,,,,DO#25887; IWMF Pkg 1; PO 3020397117; part of inv LR26/06/0010,2026-07-31 03:02:32.106388+00,,,
23853,backfill,,2026-06-22,,,STE_004,,,,,,General Waste,,,,,,,,,,,,3710.0,,,invoice,,,,,,,,,,,DO#23853; IWMF Pkg 1; PO 3020397117; part of inv LR26/06/0010,2026-07-31 03:02:32.106388+00,,,
24307,backfill,,2026-06-26,,,STE_004,,,,,,General Waste,,,,,,,,,,,,3800.0,,,invoice,,,,,,,,,,,"DO#24307; IWMF Pkg 1; PO 3020397117; inv LR26/06/0010 total $2,336.96 covers all 5 DOs (22.00 t)",2026-07-31 03:02:32.106388+00,,,
LR26/06/0336,backfill,,2026-06-30,,,STE_002,,,,,,General Waste,,,,,,,,,,,,277380.0,,,invoice,,,,,,,,,,,"70 trips; PO 3020399503; inv $29,980.62",2026-07-31 03:02:32.106388+00,,,
LR26/06/0337,backfill,,2026-06-30,,,STE_002,,,,,,Wood Waste,,,,,,,,,,,,50110.0,,,invoice,,,,,,,,,,,"15 trips; PO 3020399503; inv $4,585.55",2026-07-31 03:02:32.106388+00,,,
LR26/06/0338,backfill,,2026-06-30,,,STE_002,,,,,,Rubber Fender,,,,,,,,,,,,6170.0,,,invoice,,,,,,,,,,,"1 trip; PO 3020399503; inv $6,799.42",2026-07-31 03:02:32.106388+00,,,
LR26/06/0339,backfill,,2026-06-30,,,STE_001,,,,,,General Waste,,,,,,,,,,,,168080.0,,,invoice,,,,,,,,,,,"32 trips; PO 3020400459; inv $17,394.83",2026-07-31 03:02:32.106388+00,,,
LR26/06/0340,backfill,,2026-06-30,,,STE_001,,,,,,Wood Waste,,,,,,,,,,,,71840.0,,,invoice,,,,,,,,,,,"23 trips; PO 3020400459; inv $6,688.15",2026-07-31 03:02:32.106388+00,,,
LR26/06/0341,backfill,,2026-06-30,,,STE_001,,,,,,Concrete Stone,,,,,,,,,,,,55570.0,,,invoice,,,,,,,,,,,"7 trips; ref 3020400856; inv $8,660.70",2026-07-31 03:02:32.106388+00,,,
26066,live,,2026-07-31,land,,ECO_001,,,XE7126P,YAO_JUN,,Hardcore Waste,,,,,,,,,,3.0,2.0,1.0,LR51,,weighbridge,,,,,https://zjtvrlbyfeirnrlqgefo.supabase.co/storage/v1/object/public/do-photos/ms8g1hlh-DO-114-1.jpg,https://zjtvrlbyfeirnrlqgefo.supabase.co/storage/v1/object/public/do-photos/ms8g1hvv-SIG-114-1.jpg,,,,,app_trip_id=59 | bin_in_raw=3013 | job_no=114,2026-07-31 04:30:07.16+00,,,
26065,live,,2026-07-31,land,Load,HYU_001,,,XE7126P,YAO_JUN,Load,General Waste,,,,,,,,,,21760.0,14050.0,7710.0,LR50,,weighbridge,,,,,https://zjtvrlbyfeirnrlqgefo.supabase.co/storage/v1/object/public/do-photos/ms8d759v-DO-112-1.jpg,https://zjtvrlbyfeirnrlqgefo.supabase.co/storage/v1/object/public/do-photos/ms8d75e1-SIG-112-1.jpg,,,,,"app_trip_id=57 | bin_photos=https://zjtvrlbyfeirnrlqgefo.supabase.co/storage/v1/object/public/do-photos/ms8d74vt-BININ-112-1.jpg
https://zjtvrlbyfeirnrlqgefo.supabase.co/storage/v1/object/public/do-photos/ms8d755c-BINOUT-112-1.jpg | bin_in_raw=L808 | bin_out_raw=L808 | job_no=112",2026-07-31 04:27:43.455+00,,,
43198,live,,2026-07-31,land,Exchange,,,,XE7126P,YAO_JUN,Exchange,General Waste,,,,,,,,,,21070.0,17090.0,3980.0,LR53,,weighbridge,,,,,https://zjtvrlbyfeirnrlqgefo.supabase.co/storage/v1/object/public/do-photos/ms8owh95-DO-115-1.jpg,,,,,,"app_trip_id=61 | bin_photos=https://zjtvrlbyfeirnrlqgefo.supabase.co/storage/v1/object/public/do-photos/ms8owgjr-BININ-115-1.jpg
https://zjtvrlbyfeirnrlqgefo.supabase.co/storage/v1/object/public/do-photos/ms8owh4y-BINOUT-115-1.jpg | bin_in_raw=COMPACTOR | bin_out_raw=COMPACTOR | job_no=115",2026-07-31 08:38:13.899+00,,,
26300,live,,2026-07-31,land,Exchange,POH_001,,,XE8496P,,Exchange,General Waste,5213,,,,,,,,,,,,,,volume_est,,,,,https://zjtvrlbyfeirnrlqgefo.supabase.co/storage/v1/object/public/do-photos/ms8dp4jq-DO-100-1.jpg,https://zjtvrlbyfeirnrlqgefo.supabase.co/storage/v1/object/public/do-photos/ms8dp4o9-SIG-100-1.jpg,,,,,app_trip_id=58 | dispose_to=Lirich Resources Pte Ltd | bin_photos=https://zjtvrlbyfeirnrlqgefo.supabase.co/storage/v1/object/public/do-photos/ms8dp492-BINOUT-100-1.jpg | bin_out_raw=L24 | job_no=100,2026-07-31 03:24:12.679+00,,,Lirich Resources Pte Ltd
APP-T62,live,,2026-07-31,land,Exchange,NEA_001,,,XE7126P,YAO_JUN,Exchange,General Waste,,,,,,,,,,21070.0,17090.0,3980.0,LR54,,weighbridge,,,,,https://zjtvrlbyfeirnrlqgefo.supabase.co/storage/v1/object/public/do-photos/ms8ozotx-DO-116-1.jpg,,,,,,"app_trip_id=62 | bin_photos=https://zjtvrlbyfeirnrlqgefo.supabase.co/storage/v1/object/public/do-photos/ms8ozoku-BININ-116-1.jpg
https://zjtvrlbyfeirnrlqgefo.supabase.co/storage/v1/object/public/do-photos/ms8ozop7-BINOUT-116-1.jpg | job_no=116",2026-07-31 08:40:36.249+00,,,
26064,live,,2026-07-31,land,Exchange,TOP_001,,,XE7126P,YAO_JUN,Exchange,General Waste,5056,,,,,,,,,17810.0,14100.0,3710.0,LR48,,weighbridge,,,,,,,,,,,"app_trip_id=55 | dispose_to=Lirich Resources Pte Ltd | bin_photos=https://zjtvrlbyfeirnrlqgefo.supabase.co/storage/v1/object/public/do-photos/ms86dtbl-BININ-110-1.jpg
https://zjtvrlbyfeirnrlqgefo.supabase.co/storage/v1/object/public/do-photos/ms86dtjw-BINOUT-110-1.jpg | bin_out_raw=L808 | job_no=110",2026-07-31 01:46:17.328+00,,,Lirich Resources Pte Ltd
APP-T56,live,,2026-07-31,land,Dump,BEE_001,,,,,Dump,Wood Waste,,,,,,,,,,0.0,0.0,0.0,,,weighbridge,,,,,,,,,,,app_trip_id=56 | dispose_to=Bee Joo | bin_photos=https://zjtvrlbyfeirnrlqgefo.supabase.co/storage/v1/object/public/do-photos/ms86y17q-BIN-99-1.jpg | job_no=99,2026-07-31 01:08:17.558+00,,,Bee Joo
APP-T60,live,,2026-07-31,land,Exchange,,,,XE7126P,YAO_JUN,Exchange,General Waste,,,,,,,,,,17500.0,13950.0,3550.0,LR52,,weighbridge,,,,,https://zjtvrlbyfeirnrlqgefo.supabase.co/storage/v1/object/public/do-photos/ms8m6yuq-DO-111-1.jpg,,,,,,"app_trip_id=60 | dispose_to=Lirich Resources Pte Ltd | bin_photos=https://zjtvrlbyfeirnrlqgefo.supabase.co/storage/v1/object/public/do-photos/ms8m6yfg-BININ-111-1.jpg
https://zjtvrlbyfeirnrlqgefo.supabase.co/storage/v1/object/public/do-photos/ms8m6yp2-BINOUT-111-1.jpg | bin_in_raw=6006 | bin_out_raw=6006 | job_no=111",2026-07-31 07:23:02.908+00,,,Lirich Resources Pte Ltd
STE-DS-21898,backfill,,2026-01-20,,,STE_001,,,XE5457Y,,,General Waste,,,,,,,,,,21310.0,14240.0,7070.0,LR20355,,weighbridge,,,,,,,,,,,STE D/S form 21898 | bins: BIN-5116 RB3-0414 RB3-0423 RB5-0804 | Driver Gnanakumar,2026-07-31 18:08:00.568866+00,,,
STE-DS-21903,backfill,,2026-01-20,,,STE_001,,,XE5457Y,,,General Waste,,,,,,,,,,19950.0,14250.0,5700.0,LR20357,,weighbridge,,,,,,,,,,,STE D/S form 21903 | bins: BIN-L807 RB3-0401 RB5-8401 RB3-0417 | Chit bin 'L 807',2026-07-31 18:08:00.568866+00,,,
STE-DS-21904,backfill,,2026-01-20,,,STE_001,,,XE5457Y,,,General Waste,,,,,,,,,,20160.0,14250.0,5910.0,LR20358,,weighbridge,,,,,,,,,,,STE D/S form 21904 | bins: BIN-5114? RB3-0401 RB5-8401 RB3-0417 | ? DS handwritten bin reads 5114 but chit bin no = 5116 - possible DS mis-write,2026-07-31 18:08:00.568866+00,,,
STE-DS-21905,backfill,,2026-01-21,,,STE_001,,,XE5457Y,,,General Waste,,,,,,,,,,19970.0,14240.0,5730.0,LR20373,,weighbridge,,,,,,,,,,,STE D/S form 21905 | bins: BIN-L807 RB3-0401 RB3-0417 RB5-8401,2026-07-31 18:08:00.568866+00,,,
STE-DS-21909,backfill,,2026-01-22,,,STE_001,,,XE5457Y,,,General Waste,,,,,,,,,,18150.0,14240.0,3910.0,LR20374,,weighbridge,,,,,,,,,,,STE D/S form 21909 | bins: BIN-5116 RB3-0401 RB3-0471? RB5-8401 | ? second RB ref could be RB3-0417 (handwriting reads 0471),2026-07-31 18:08:00.568866+00,,,
26197,live,,2026-07-27,land,Exchange,QUA_001,,,XE7126P,YAO_JUN,Exchange,General Waste,,,,,,,,,,16770.0,14200.0,2570.0,LR18,,weighbridge,,,,,https://zjtvrlbyfeirnrlqgefo.supabase.co/storage/v1/object/public/do-photos/ms31u58y-DO-50-1.jpg,,,,,,"app_trip_id=29 | dispose_to=Lirich Resources Pte Ltd | bin_photos=https://zjtvrlbyfeirnrlqgefo.supabase.co/storage/v1/object/public/do-photos/ms31u4uy-BININ-50-1.jpg
https://zjtvrlbyfeirnrlqgefo.supabase.co/storage/v1/object/public/do-photos/ms31u53y-BINOUT-50-1.jpg | bin_in_raw=L46 | bin_out_raw=L46 | job_no=50",2026-07-27 09:53:42.916+00,,,Lirich Resources Pte Ltd
26198,live,,2026-07-27,land,Exchange,ENGL_001,,,XE7126P,YAO_JUN,Exchange,General Waste,,,,,,,,,,16790.0,14100.0,2690.0,LR16,,weighbridge,,,,,https://zjtvrlbyfeirnrlqgefo.supabase.co/storage/v1/object/public/do-photos/ms2v45mh-DO-48-1.jpg,,,,,,"app_trip_id=27 | dispose_to=Lirich Resources Pte Ltd | bin_photos=https://zjtvrlbyfeirnrlqgefo.supabase.co/storage/v1/object/public/do-photos/ms2v45as-BININ-48-1.jpg
https://zjtvrlbyfeirnrlqgefo.supabase.co/storage/v1/object/public/do-photos/ms2v45hg-BINOUT-48-1.jpg | bin_in_raw=L26 | bin_out_raw=5098 | job_no=48",2026-07-27 06:45:26.407+00,,,Lirich Resources Pte Ltd
APP-T28,live,,2026-07-27,land,Exchange,ENGL_001,,,XE7126P,YAO_JUN,Exchange,General Waste,5198,,,,,,,,,17580.0,14100.0,3480.0,LR17,,weighbridge,,,,,https://zjtvrlbyfeirnrlqgefo.supabase.co/storage/v1/object/public/do-photos/ms2xeqp9-DO-49-1.jpg,,,,,,"app_trip_id=28 | dispose_to=Lirich Resources Pte Ltd | bin_photos=https://zjtvrlbyfeirnrlqgefo.supabase.co/storage/v1/object/public/do-photos/ms2xeq8v-BININ-49-1.jpg
https://zjtvrlbyfeirnrlqgefo.supabase.co/storage/v1/object/public/do-photos/ms2xeqky-BINOUT-49-1.jpg | bin_out_raw=L51 | job_no=49",2026-07-27 07:49:36.743+00,,,Lirich Resources Pte Ltd
APP-T40,live,,2026-07-29,land,Exchange,NEA_001,,,XE7126P,YAO_JUN,Exchange,General Waste,,,,,,,,,,22470.0,15860.0,6610.0,LR28,,weighbridge,,,,,https://zjtvrlbyfeirnrlqgefo.supabase.co/storage/v1/object/public/do-photos/ms5su85q-DO-75-1.jpg,,,,,,"app_trip_id=40 | dispose_to=NEA | bin_photos=https://zjtvrlbyfeirnrlqgefo.supabase.co/storage/v1/object/public/do-photos/ms5su7xq-BININ-75-1.jpg
https://zjtvrlbyfeirnrlqgefo.supabase.co/storage/v1/object/public/do-photos/ms5su81m-BINOUT-75-1.jpg | bin_in_raw=R13 | bin_out_raw=R13 | job_no=75",2026-07-29 08:05:09.046+00,,,NEA
APP-T46,live,,2026-07-30,land,Dump,BEE_001,,,,YAO_JUN,Dump,Wood Waste,,,,,,,,,,20470.0,15470.0,5000.0,LR43,,weighbridge,,,,,,,,,,,app_trip_id=46 | dispose_to=Bee Joo | bin_photos=https://zjtvrlbyfeirnrlqgefo.supabase.co/storage/v1/object/public/do-photos/ms6rc9rj-BIN-86-1.jpg | job_no=86,2026-07-30 03:52:22.656+00,,,Bee Joo
130354,live,,2026-07-16,land,Exchange,HCG_001,,,XE7126P,YAO_JUN,Exchange,General Waste,,,,,,,,,,3.0,2.0,1.0,LR36,,weighbridge,,,,,https://drive.google.com/uc?export=view&id=1u3CpdU1tSn2qsNIbCRvfqw4ser-eHTZe,,,,,,"app_trip_id=19 | dispose_to=HCG Environmental Pte Ltd | bin_photos=https://drive.google.com/uc?export=view&id=1AGLyIHSUjlboegCEa3HWSyYsxX7hPiZJ
https://drive.google.com/uc?export=view&id=14C5rcRXjWYFSWgdgu1mjR-d8Ar_0zXtg | bin_in_raw=5132 | bin_out_raw=5072 | job_no=20",2026-07-29 23:51:09.223+00,,,HCG Environmental Pte Ltd
130353,live,,2026-07-16,land,Exchange,HCG_001,,,XE7126P,YAO_JUN,Exchange,Wood Waste,,,,,,,,,,3.0,2.0,1.0,LR37,,weighbridge,,,,,https://drive.google.com/uc?export=view&id=1B-1uZfGzmgynG8FVhsGnZyZL1AZ24IPa,,,,,,"app_trip_id=18 | dispose_to=HCG Environmental Pte Ltd | bin_photos=https://drive.google.com/uc?export=view&id=1ATztqAtb0SB81wvu9WFUVIhAYfyn7-Nt
https://drive.google.com/uc?export=view&id=17lqHyCkKkt3gRNlwNvAPsLe7QrWmDxcn | bin_in_raw=5193 | bin_out_raw=5132 | job_no=21",2026-07-29 23:51:17.037+00,,,HCG Environmental Pte Ltd
APP-T55,live,,2026-07-31,land,Exchange,TOP_001,,,XE7126P,YAO_JUN,Exchange,General Waste,,,,,,,,,,,,,,,volume_est,,,,,,,,,,,"app_trip_id=55 | dispose_to=Lirich Resources Pte Ltd | bin_photos=https://zjtvrlbyfeirnrlqgefo.supabase.co/storage/v1/object/public/do-photos/ms86dtbl-BININ-110-1.jpg
https://zjtvrlbyfeirnrlqgefo.supabase.co/storage/v1/object/public/do-photos/ms86dtjw-BINOUT-110-1.jpg | bin_in_raw=5 56 | bin_out_raw=L808 | job_no=110",2026-07-30 23:59:27.862+00,,,Lirich Resources Pte Ltd
43109,live,,2026-07-30,land,Exchange,STX_001,,,XE7126P,YAO_JUN,Exchange,General Waste,,,,,,,,,,17730.0,14100.0,3630.0,LR40,,weighbridge,,,,,https://zjtvrlbyfeirnrlqgefo.supabase.co/storage/v1/object/public/do-photos/ms6wbvrq-DO-87-1.jpg,https://zjtvrlbyfeirnrlqgefo.supabase.co/storage/v1/object/public/do-photos/ms6wbvv6-SIG-87-1.jpg,,,,,"app_trip_id=50 | dispose_to=Lirich Resources Pte Ltd | bin_photos=https://zjtvrlbyfeirnrlqgefo.supabase.co/storage/v1/object/public/do-photos/ms6wbvag-BININ-87-1.jpg
https://zjtvrlbyfeirnrlqgefo.supabase.co/storage/v1/object/public/do-photos/ms6wbvjf-BINOUT-87-1.jpg | bin_in_raw=6006 | bin_out_raw=6006 | job_no=87",2026-07-30 02:49:33.259+00,,,Lirich Resources Pte Ltd
STE-DS-21855,backfill,,2026-01-02,,,STE_001,,,XE5457Y,,,General Waste,,,,,,,,,,20800.0,14300.0,6500.0,LR20251,,weighbridge,,,,,,,,,,,STE D/S form 21855 | bins: BIN-6002 RB5-0804 RB3-0414 RB3-0423 | Location J4; handwritten 20800 on DS matches chit gross,2026-07-31 18:08:00.568866+00,,,
STE-DS-21859,backfill,,2026-01-06,,,STE_001,,,XE5457Y,,,General Waste,,,,,,,,,,21440.0,13900.0,7540.0,LR20283,,weighbridge,,,,,,,,,,,STE D/S form 21859 | bins: BIN-6002 RB5-0804 RB3-0414 RB3-0423 | DS dated 06/01 but chit time-out 07/01/2026 10:42; vehicle XE8496P struck out and replaced with XE5457Y on DS,2026-07-31 18:08:00.568866+00,,,
STE-DS-21862,backfill,,2026-01-06,,,STE_001,,,XE5457Y,,,General Waste,,,,,,,,,,19900.0,14200.0,5700.0,LR20279,,weighbridge,,,,,,,,,,,STE D/S form 21862 | bins: BIN-6000 RB5-0804 RB3-0414 RB3-0423 | DS dated 06/01 but chit time-out 07/01/2026 10:27; handwritten '+1000' annotation on DS (purpose unclear),2026-07-31 18:08:00.568866+00,,,
STE-DS-21866,backfill,,2026-01-08,,,STE_001,,,XE5457Y,,,General Waste,,,,,,,,,,19080.0,14350.0,4730.0,LR20295,,weighbridge,,,,,,,,,,,STE D/S form 21866 | bins: BIN-6002 RB5-0804 RB3-0414 RB3-0423,2026-07-31 18:08:00.568866+00,,,
STE-DS-21865,backfill,,2026-01-09,,,STE_001,,,XE5457Y,,,General Waste,,,,,,,,,,16740.0,14220.0,2520.0,LR20298,,weighbridge,,,,,,,,,,,STE D/S form 21865 | bins: BIN-6002 RB5-0804 RB3-0414 RB3-0423,2026-07-31 18:08:00.568866+00,,,
STE-DS-21871,backfill,,2026-01-09,,,STE_001,,,XE5457Y,,,General Waste,,,,,,,,,,19050.0,14300.0,4750.0,LR20299,,weighbridge,,,,,,,,,,,STE D/S form 21871 | bins: BIN-6003 RB5-0804 RB3-0414 RB3-0423 | DS date digit ambiguous (07? or 09?); security stamp 09 JAN 2026 and chit 09/01/2026 22:23 so 09 used; chit bin 6003 matches DS,2026-07-31 18:08:00.568866+00,,,
STE-DS-21876,backfill,,2026-01-12,,,STE_001,,,XE5457Y,,,General Waste,,,,,,,,,,19110.0,14240.0,4870.0,LR20396,,weighbridge,,,,,,,,,,,STE D/S form 21876 | bins: BIN-6003 RB3-0414 RB3-0423 RB5-0804 | Driver R. Karthik,2026-07-31 18:08:00.568866+00,,,
STE-DS-21875,backfill,,2026-01-13,,,STE_001,,,XE5457Y,,,General Waste,,,,,,,,,,18900.0,14240.0,4660.0,LR20399,,weighbridge,,,,,,,,,,,STE D/S form 21875 | bins: BIN-6003 RB3-0401 RB5-8400 RB5-8401 | RB refs handwriting: RB5-8400/RB5-8401 slightly unclear,2026-07-31 18:08:00.568866+00,,,
STE-DS-21878,backfill,,2026-01-13,,,STE_001,,,XE5457Y,,,General Waste,,,,,,,,,,18390.0,14240.0,4150.0,LR20398,,weighbridge,,,,,,,,,,,STE D/S form 21878 | bins: BIN-6002 RB3-0414 RB3-0423 RB5-0804,2026-07-31 18:08:00.568866+00,,,
STE-DS-21882,backfill,,2026-01-15,,,STE_001,,,XE5457Y,,,General Waste,,,,,,,,,,17570.0,14250.0,3320.0,LR20402,,weighbridge,,,,,,,,,,,STE D/S form 21882 | bins: BIN-6003 RB3-0414 RB3-0423 RB5-0804,2026-07-31 18:08:00.568866+00,,,
STE-DS-21889,backfill,,2026-01-16,,,STE_001,,,XE5457Y,,,General Waste,,,,,,,,,,18940.0,14240.0,4700.0,LR20403,,weighbridge,,,,,,,,,,,STE D/S form 21889 | bins: BIN-6002 RB3-0414 RB3-0423 RB5-0804,2026-07-31 18:08:00.568866+00,,,
STE-DS-21891,backfill,,2026-01-16,,,STE_001,,,XE5457Y,,,General Waste,,,,,,,,,,16660.0,14240.0,2420.0,LR20405,,weighbridge,,,,,,,,,,,STE D/S form 21891 | bins: BIN-6000 RB3-0414 RB3-0423 RB5-0804,2026-07-31 18:08:00.568866+00,,,
STE-DS-21911,backfill,,2026-01-23,,,STE_001,,,XE5457Y,,,General Waste,,,,,,,,,,18550.0,14240.0,4310.0,LR20407,,weighbridge,,,,,,,,,,,STE D/S form 21911 | bins: BIN-807 RB3-0401 RB3-0471? RB5-8401 | ? second RB ref could be RB3-0417; chit bin 807,2026-07-31 18:08:00.568866+00,,,
STE-DS-21919,backfill,,2026-01-26,,,STE_001,,,XE5457Y,,,General Waste,,,,,,,,,,19960.0,14240.0,5720.0,LR20428,,weighbridge,,,,,,,,,,,STE D/S form 21919 | bins: BIN-6002 RB3-0401 RB3-0471? RB5-8401 | ? second RB ref could be RB3-0417; chit time 14:28,2026-07-31 18:08:00.568866+00,,,
STE-DS-21923,backfill,,2026-01-26,,,STE_001,,,XE5457Y,,,General Waste,,,,,,,,,,20860.0,14210.0,6650.0,LR20426,,weighbridge,,,,,,,,,,,STE D/S form 21923 | bins: BIN-5116 RB5-0115 RB3-0417 RB5-8401 | Chit time 11:15 (earlier than DS 21919 same day); OUT 1108hrs noted on DS,2026-07-31 18:08:00.568866+00,,,
STE-DS-21925,backfill,,2026-01-27,,,STE_001,,,XE5457Y,,,General Waste,,,,,,,,,,18810.0,14240.0,4570.0,LR20437,,weighbridge,,,,,,,,,,,STE D/S form 21925 | bins: BIN-6000 RB5-0115 RB3-0417 RB5-8401,2026-07-31 18:08:00.568866+00,,,
STE-DS-21930,backfill,,2026-01-28,,,STE_001,,,XE5457Y,,,General Waste,,,,,,,,,,19860.0,14230.0,5630.0,LR20450,,weighbridge,,,,,,,,,,,STE D/S form 21930 | bins: BIN-6002 RB5-0115 RB5-8401 RB3-0417 | DS date digit ambiguous (24? or 28?); security stamp 28 JAN 2026 and chit 28/01/2026 16:17 so 28 used,2026-07-31 18:08:00.568866+00,,,
STE-DS-21934,backfill,,2026-01-29,,,STE_001,,,XE5457Y,,,General Waste,,,,,,,,,,17210.0,14230.0,2980.0,LR20446,,weighbridge,,,,,,,,,,,STE D/S form 21934 | bins: BIN-6001 RB5-0115 RB3-0417 RB5-8401,2026-07-31 18:08:00.568866+00,,,
STE-DS-21937,backfill,,2026-01-30,,,STE_001,,,XE5457Y,,,General Waste,,,,,,,,,,17680.0,14230.0,3450.0,LR20459,,weighbridge,,,,,,,,,,,STE D/S form 21937 | bins: BIN-6002 RB5-0115 RB3-0417 RB5-8401 | Third RB ref written 'RB-8401' (assumed RB5-8401),2026-07-31 18:08:00.568866+00,,,
STE-DS-21940,backfill,,2026-01-30,,,STE_001,,,XE5457Y,,,General Waste,,,,,,,,,,18030.0,14260.0,3770.0,LR20460,,weighbridge,,,,,,,,,,,STE D/S form 21940 | bins: BIN-6001 RB5-0115 RB3-0417 RB5-8401,2026-07-31 18:08:00.568866+00,,,
STE-DS-21857,backfill,,2026-01-02,,,STE_001,,,XE5457Y,,,Wood Waste,,,,,,,,,,15800.0,14250.0,1550.0,LR20250,,weighbridge,,,,,,,,,,,STE D/S form 21857 | bins: BIN 6003 | Form date handwritten 02/02/2026 (month error); security stamp 02 JAN 2026 and chit 02/01/2026 confirm January,2026-07-31 18:08:00.568866+00,,,
STE-DS-21861,backfill,,2026-01-07,,,STE_001,,,XE5457Y,,,Wood Waste,,,,,,,,,,17930.0,14100.0,3830.0,LR20284,,weighbridge,,,,,,,,,,,STE D/S form 21861 | bins: BIN 6003 | Form dated/stamped 06 JAN 2026; chit timed 07/01/2026 10:45 (weighed next morning),2026-07-31 18:08:00.568866+00,,,
STE-DS-21867,backfill,,2026-01-07,,,STE_001,,,XE5457Y,,,Wood Waste,,,,,,,,,,18180.0,14240.0,3940.0,LR20296,,weighbridge,,,,,,,,,,,STE D/S form 21867 | bins: BIN 6000,2026-07-31 18:08:00.568866+00,,,
STE-DS-21863,backfill,,2026-01-08,,,STE_001,,,XE5457Y,,,Wood Waste,,,,,,,,,,16040.0,14140.0,1900.0,LR20294,,weighbridge,,,,,,,,,,,STE D/S form 21863 | bins: BIN 6002 | Handwritten on form: 16040 / 1.9T (matches chit),2026-07-31 18:08:00.568866+00,,,
STE-DS-21868,backfill,,2026-01-08,,,STE_001,,,XE5457Y,,,Wood Waste,,,,,,,,,,17390.0,14250.0,3140.0,LR20293,,weighbridge,,,,,,,,,,,STE D/S form 21868 | bins: BIN 6000 | Handwritten on form: 3.14T (matches chit),2026-07-31 18:08:00.568866+00,,,
STE-DS-21869,backfill,,2026-01-09,,,STE_001,,,XE5457Y,,,Wood Waste,,,,,,,,,,16480.0,14150.0,2330.0,LR20297,,weighbridge,,,,,,,,,,,STE D/S form 21869 | bins: BIN 6000,2026-07-31 18:08:00.568866+00,,,
STE-DS-21873,backfill,,2026-01-09,,,STE_001,,,XE5457Y,,,Wood Waste,,,,,,,,,,16150.0,14200.0,1950.0,LR20300,,weighbridge,,,,,,,,,,,STE D/S form 21873 | bins: BIN 6000,2026-07-31 18:08:00.568866+00,,,
STE-DS-21877,backfill,,2026-01-12,,,STE_001,,,XE5457Y,,,Wood Waste,,,,,,,,,,15320.0,14240.0,1080.0,LR20395,,weighbridge,,,,,,,,,,,STE D/S form 21877 | bins: BIN 6000,2026-07-31 18:08:00.568866+00,,,
STE-DS-21880,backfill,,2026-01-13,,,STE_001,,,XE5457Y,,,Wood Waste,,,,,,,,,,15780.0,14240.0,1540.0,LR20397,,weighbridge,,,,,,,,,,,STE D/S form 21880 | bins: BIN 6000,2026-07-31 18:08:00.568866+00,,,
STE-DS-21883,backfill,,2026-01-14,,,STE_001,,,XE5457Y,,,Wood Waste,,,,,,,,,,15660.0,14240.0,1420.0,LR20400,,weighbridge,,,,,,,,,,,STE D/S form 21883 | bins: BIN 6000? | Bin no not written on form; chit shows Bin 6000,2026-07-31 18:08:00.568866+00,,,
STE-DS-21881,backfill,,2026-01-15,,,STE_001,,,XE5457Y,,,Wood Waste,,,,,,,,,,15580.0,14240.0,1340.0,LR20401,,weighbridge,,,,,,,,,,,STE D/S form 21881 | bins: BIN 6000,2026-07-31 18:08:00.568866+00,,,
STE-DS-21890,backfill,,2026-01-16,,,STE_001,,,XE5457Y,,,Wood Waste,,,,,,,,,,16000.0,14240.0,1760.0,LR20404,,weighbridge,,,,,,,,,,,STE D/S form 21890 | bins: BIN 6003,2026-07-31 18:08:00.568866+00,,,
STE-DS-21899,backfill,,2026-01-19,,,STE_001,,,XE5457Y,,,Wood Waste,,,,,,,,,,16850.0,14240.0,2610.0,LR20354,,weighbridge,,,,,,,,,,,STE D/S form 21899 | bins: BIN 6003,2026-07-31 18:08:00.568866+00,,,
STE-DS-21901,backfill,,2026-01-20,,,STE_001,,,XE5457Y,,,Wood Waste,,,,,,,,,,17850.0,14240.0,3610.0,LR20356,,weighbridge,,,,,,,,,,,STE D/S form 21901 | bins: BIN 6003,2026-07-31 18:08:00.568866+00,,,
STE-DS-21907,backfill,,2026-01-21,,,STE_001,,,XE5457Y,,,Wood Waste,,,,,,,,,,16950.0,14240.0,2710.0,LR20372,,weighbridge,,,,,,,,,,,STE D/S form 21907 | bins: BIN 6003,2026-07-31 18:08:00.568866+00,,,
STE-DS-21914,backfill,,2026-01-23,,,STE_001,,,XE5457Y,,,Wood Waste,,,,,,,,,,17350.0,14240.0,3110.0,LR20408,,weighbridge,,,,,,,,,,,STE D/S form 21914 | bins: BIN 6003,2026-07-31 18:08:00.568866+00,,,
STE-DS-21921,backfill,,2026-01-26,,,STE_001,,,XE5457Y,,,Wood Waste,,,,,,,,,,17520.0,14260.0,3260.0,LR20427,,weighbridge,,,,,,,,,,,STE D/S form 21921 | bins: BIN 6003,2026-07-31 18:08:00.568866+00,,,
STE-DS-21924,backfill,,2026-01-26,,,STE_001,,,XE5457Y,,,Wood Waste,,,,,,,,,,18010.0,14270.0,3740.0,LR20429,,weighbridge,,,,,,,,,,,STE D/S form 21924 | bins: BIN 6003 | Form date reads 25/01/2026? but security stamp 26 JAN 2026 and chit 26/01/2026 15:04 - dated by chit,2026-07-31 18:08:00.568866+00,,,
STE-DS-21927,backfill,,2026-01-27,,,STE_001,,,XE5457Y,,,Wood Waste,,,,,,,,,,17020.0,14230.0,2790.0,LR20436,,weighbridge,,,,,,,,,,,STE D/S form 21927 | bins: BIN 6003,2026-07-31 18:08:00.568866+00,,,
STE-DS-21929,backfill,,2026-01-28,,,STE_001,,,XE5457Y,,,Wood Waste,,,,,,,,,,16230.0,14280.0,1950.0,LR20448,,weighbridge,,,,,,,,,,,STE D/S form 21929 | bins: BIN 6003,2026-07-31 18:08:00.568866+00,,,
STE-DS-21935,backfill,,2026-01-29,,,STE_001,,,XE5457Y,,,Wood Waste,,,,,,,,,,17030.0,14280.0,2750.0,LR20445,,weighbridge,,,,,,,,,,,STE D/S form 21935 | bins: BIN 6003,2026-07-31 18:08:00.568866+00,,,
STE-DS-21941,backfill,,2026-01-30,,,STE_001,,,XE5457Y,,,Wood Waste,,,,,,,,,,16430.0,14320.0,2110.0,LR20461,,weighbridge,,,,,,,,,,,STE D/S form 21941 | bins: BIN 6003,2026-07-31 18:08:00.568866+00,,,
STE-DS-21938,backfill,,2026-01-30,,,STE_001,,,,,,Oversized Wood Waste,,,,,,,,,,21220.0,19640.0,1580.0,145990,,weighbridge,,,,,,,,,,,STE D/S form 21938 | bins:  | vehicle_raw=XE6557P? | OVERSIZED WOOD line: Tang Hai Hardware external weighbridge chit 145990 (first/second weight); form vehicle handwriting unclear (XE 6?9? / 6957P?) - chit shows XE6557P; collector Liew T.Y; no bin ref on form,2026-07-31 18:08:00.568866+00,,,
STE-DS-42062,backfill,,2026-01-02,,,STE_002,,,XE5457Y,,,General Waste,,,,,,,,,,20500.0,14200.0,6300.0,LR20253,,weighbridge,,,,,,,,,,,STE D/S form 42062 | bins: RG1 3140; RG1 3137; bin 6000,2026-07-31 18:08:00.568866+00,,,
STE-DS-42064,backfill,,2026-01-02,,,STE_002,,,XE5457Y,,,General Waste,,,,,,,,,,19000.0,14350.0,4650.0,LR20252,,weighbridge,,,,,,,,,,,STE D/S form 42064 | bins: RG1 3112; RG1 3139; bin 6002,2026-07-31 18:08:00.568866+00,,,
STE-DS-42069,backfill,,2026-01-04,,,STE_002,,,XE5457Y,,,General Waste,,,,,,,,,,19960.0,14240.0,5720.0,LR20262,,weighbridge,,,,,,,,,,,STE D/S form 42069 | bins: RG1 3109; RG1 3140; bin 6002,2026-07-31 18:08:00.568866+00,,,
STE-DS-42070,backfill,,2026-01-04,,,STE_002,,,XE5457Y,,,General Waste,,,,,,,,,,18480.0,14240.0,4240.0,LR20263,,weighbridge,,,,,,,,,,,STE D/S form 42070 | bins: RG1 3137; RG1 3112; bin 6000,2026-07-31 18:08:00.568866+00,,,
STE-DS-42072,backfill,,2026-01-04,,,STE_002,,,XE5457Y,,,General Waste,,,,,,,,,,20160.0,14240.0,5920.0,LR20265,,weighbridge,,,,,,,,,,,STE D/S form 42072 | bins: RG1 3132; RG1 3116; bin 6002,2026-07-31 18:08:00.568866+00,,,
STE-DS-42081,backfill,,2026-01-05,,,STE_002,,,,,,General Waste,,,,,,,,,,18830.0,13900.0,4930.0,LR20269,,weighbridge,,,,,,,,,,,STE D/S form 42081 | bins: RG1 3139; RG1 3130; bin 6002 | vehicle_raw=XE2665H,2026-07-31 18:08:00.568866+00,,,
STE-DS-42082,backfill,,2026-01-05,,,STE_002,,,,,,General Waste,,,,,,,,,,19850.0,13970.0,5880.0,LR20270,,weighbridge,,,,,,,,,,,STE D/S form 42082 | bins: RG1 3140; RG1 3137; bin 6000 | vehicle_raw=XE2665H,2026-07-31 18:08:00.568866+00,,,
STE-DS-42088,backfill,,2026-01-06,,,STE_002,,,,,,General Waste,,,,,,,,,,18650.0,13900.0,4750.0,LR20274,,weighbridge,,,,,,,,,,,STE D/S form 42088 | bins: RG1 3137; RG1 3112; bin 6000 | vehicle_raw=XE2665H,2026-07-31 18:08:00.568866+00,,,
STE-DS-42093,backfill,,2026-01-07,,,STE_002,,,XE5457Y,,,General Waste,,,,,,,,,,18060.0,14280.0,3780.0,LR20406,,weighbridge,,,,,,,,,,,STE D/S form 42093 | bins: RG1 3140; RG1 3137; bin 6000 | ticket no out of sequence (chit printed same date 07/01),2026-07-31 18:08:00.568866+00,,,
STE-DS-42096,backfill,,2026-01-08,,,STE_002,,,,,,General Waste,,,,,,,,,,19870.0,13900.0,5970.0,LR20288,,weighbridge,,,,,,,,,,,STE D/S form 42096 | bins: RG1 3139; RG1 3132; bin 6002 | vehicle_raw=XE2665H | form vehicle XE2665H; chit XE2665H,2026-07-31 18:08:00.568866+00,,,
STE-DS-42098,backfill,,2026-01-08,,,STE_002,,,,,,General Waste,,,,,,,,,,21630.0,13950.0,7680.0,LR20289,,weighbridge,,,,,,,,,,,STE D/S form 42098 | bins: RG1 3112; RG1 3116; bin 6000 | vehicle_raw=XE2665H,2026-07-31 18:08:00.568866+00,,,
STE-DS-42102,backfill,,2026-01-09,,,STE_002,,,,,,General Waste,,,,,,,,,,17080.0,13900.0,3180.0,LR20302,,weighbridge,,,,,,,,,,,STE D/S form 42102 | bins: RG1 3109; RG1 3146; bin 6000 | vehicle_raw=XE2665H,2026-07-31 18:08:00.568866+00,,,
STE-DS-42105,backfill,,2026-01-09,,,STE_002,,,,,,General Waste,,,,,,,,,,18350.0,13950.0,4400.0,LR20304,,weighbridge,,,,,,,,,,,STE D/S form 42105 | bins: RG1 3140; RG1 3069; bin 6002 | vehicle_raw=XE2665H,2026-07-31 18:08:00.568866+00,,,
STE-DS-42108,backfill,,2026-01-10,,,STE_002,,,,,,General Waste,,,,,,,,,,20850.0,13900.0,6950.0,LR20309,,weighbridge,,,,,,,,,,,STE D/S form 42108 | bins: RG1 3144; RG1 3146; bin 6000 | vehicle_raw=XE2665H,2026-07-31 18:08:00.568866+00,,,
STE-DS-42109,backfill,,2026-01-10,,,STE_002,,,,,,General Waste,,,,,,,,,,18690.0,13950.0,4740.0,LR20310,,weighbridge,,,,,,,,,,,STE D/S form 42109 | bins: RG1 3109; RG1 3069; bin 6002 | vehicle_raw=XE2665H,2026-07-31 18:08:00.568866+00,,,
STE-DS-42110,backfill,,2026-01-11,,,STE_002,,,,,,General Waste,,,,,,,,,,16420.0,13900.0,2520.0,LR20311,,weighbridge,,,,,,,,,,,STE D/S form 42110 | bins: RG1 3138; RG1 3144; bin 6002 | vehicle_raw=XE2665H,2026-07-31 18:08:00.568866+00,,,
STE-DS-42111,backfill,,2026-01-11,,,STE_002,,,,,,General Waste,,,,,,,,,,18460.0,13950.0,4510.0,LR20312,,weighbridge,,,,,,,,,,,STE D/S form 42111 | bins: RG1 3069; RG1 3137; bin 6000 | vehicle_raw=XE2665H,2026-07-31 18:08:00.568866+00,,,
STE-DS-42122,backfill,,2026-01-13,,,STE_002,,,XE5457Y,,,General Waste,,,,,,,,,,16750.0,14290.0,2460.0,LR20324,,weighbridge,,,,,,,,,,,STE D/S form 42122 | bins: RG1 3146; RG1 3109; bin 6000,2026-07-31 18:08:00.568866+00,,,
STE-DS-42127,backfill,,2026-01-14,,,STE_002,,,XE5457Y,,,General Waste,,,,,,,,,,17500.0,14280.0,3220.0,LR20339,,weighbridge,,,,,,,,,,,STE D/S form 42127 | bins: RG1 3144; RG1 3146; bin 6000 | paired chit is LR20339 (handwritten 17510/14250 on form matches this chit),2026-07-31 18:08:00.568866+00,,,
STE-DS-42128,backfill,,2026-01-14,,,STE_002,,,XE5457Y,,,General Waste,,,,,,,,,,20400.0,14380.0,6020.0,LR20338,,weighbridge,,,,,,,,,,,STE D/S form 42128 | bins: RG1 3136; RG1 3132; bin 6002 | chit order reversed vs form order (handwritten 20410/16820 on form matches this chit),2026-07-31 18:08:00.568866+00,,,
STE-DS-42131,backfill,,2026-01-15,,,STE_002,,,XE5457Y,,,General Waste,,,,,,,,,,18600.0,14300.0,4300.0,LR20337,,weighbridge,,,,,,,,,,,STE D/S form 42131 | bins: RG1 3112; RG1 3144; bin 6000,2026-07-31 18:08:00.568866+00,,,
STE-DS-42138,backfill,,2026-01-16,,,STE_002,,,XE5457Y,,,General Waste,,,,,,,,,,19500.0,14300.0,5200.0,LR20349,,weighbridge,,,,,,,,,,,STE D/S form 42138 | bins: RG1 3112; RG1 3132; bin 6002,2026-07-31 18:08:00.568866+00,,,
STE-DS-42140,backfill,,2026-01-17,,,STE_002,,,XE5457Y,,,General Waste,,,,,,,,,,18500.0,14250.0,4250.0,LR20351,,weighbridge,,,,,,,,,,,STE D/S form 42140 | bins: RG1 3136; RG1 3132; bin 6000,2026-07-31 18:08:00.568866+00,,,
STE-DS-42143,backfill,,2026-01-18,,,STE_002,,,XE5457Y,,,General Waste,,,,,,,,,,17800.0,14350.0,3450.0,LR20352,,weighbridge,,,,,,,,,,,STE D/S form 42143 | bins: RG1 3141; RG1 3136; bin 6002,2026-07-31 18:08:00.568866+00,,,
STE-DS-42145,backfill,,2026-01-19,,,STE_002,,,XE5457Y,,,General Waste,,,,,,,,,,18380.0,14240.0,4140.0,LR20390,,weighbridge,,,,,,,,,,,STE D/S form 42145 | bins: RG1 3141; RG1 3136; bin 6002,2026-07-31 18:08:00.568866+00,,,
STE-DS-42147,backfill,,2026-01-20,,,STE_002,,,XE5457Y,,,General Waste,,,,,,,,,,18580.0,14240.0,4340.0,LR20392,,weighbridge,,,,,,,,,,,STE D/S form 42147 | bins: RG1 3069; RG1 3145; bin 6002,2026-07-31 18:08:00.568866+00,,,
STE-DS-42150,backfill,,2026-01-20,,,STE_002,,,XE5457Y,,,General Waste,,,,,,,,,,17860.0,14240.0,3620.0,LR20393,,weighbridge,,,,,,,,,,,STE D/S form 42150 | bins: RG1 3137; RG1 3141; bin 6000,2026-07-31 18:08:00.568866+00,,,
STE-DS-42159,backfill,,2026-01-21,,,STE_002,,,XE5457Y,,,General Waste,,,,,,,,,,18280.0,14240.0,4040.0,LR20375,,weighbridge,,,,,,,,,,,STE D/S form 42159 | bins: RG1 3112; RG1 3136; bin 6000,2026-07-31 18:08:00.568866+00,,,
STE-DS-42165,backfill,,2026-01-22,,,STE_002,,,XE5457Y,,,General Waste,,,,,,,,,,17960.0,14240.0,3720.0,LR20376,,weighbridge,,,,,,,,,,,STE D/S form 42165 | bins: RG1 3069; RG1 3137; bin 6000,2026-07-31 18:08:00.568866+00,,,
STE-DS-42172,backfill,,2026-01-23,,,STE_002,,,XE5457Y,,,General Waste,,,,,,,,,,17960.0,14240.0,3720.0,LR20412,,weighbridge,,,,,,,,,,,STE D/S form 42172 | bins: RG1 3138; RG1 3145; bin 6002,2026-07-31 18:08:00.568866+00,,,
STE-DS-42174,backfill,,2026-01-23,,,STE_002,,,XE5457Y,,,General Waste,,,,,,,,,,18560.0,14240.0,4320.0,LR20413,,weighbridge,,,,,,,,,,,STE D/S form 42174 | bins: RG1 3136; RG1 3132; bin 6000,2026-07-31 18:08:00.568866+00,,,
STE-DS-42177,backfill,,2026-01-24,,,STE_002,,,XE5457Y,,,General Waste,,,,,,,,,,18370.0,14240.0,4130.0,LR20414,,weighbridge,,,,,,,,,,,STE D/S form 42177 | bins: RG1 3069; RG1 3109; bin 6000,2026-07-31 18:08:00.568866+00,,,
STE-DS-42178,backfill,,2026-01-24,,,STE_002,,,XE5457Y,,,General Waste,,,,,,,,,,17860.0,14240.0,3620.0,LR20415,,weighbridge,,,,,,,,,,,STE D/S form 42178 | bins: RG1 3146; RG1 3145; bin 6005,2026-07-31 18:08:00.568866+00,,,
STE-DS-42182,backfill,,2026-01-25,,,STE_002,,,XE5457Y,,,General Waste,,,,,,,,,,17370.0,14240.0,3130.0,LR20431,,weighbridge,,,,,,,,,,,STE D/S form 42182 | bins: RG1 3112; RG1 3136; bin 6005,2026-07-31 18:08:00.568866+00,,,
STE-DS-42183,backfill,,2026-01-25,,,STE_002,,,XE5457Y,,,General Waste,,,,,,,,,,18280.0,14240.0,4040.0,LR20432,,weighbridge,,,,,,,,,,,STE D/S form 42183 | bins: RG1 3141; RG1 3132; bin 6006,2026-07-31 18:08:00.568866+00,,,
STE-DS-42188,backfill,,2026-01-26,,,STE_002,,,XE5457Y,,,General Waste,,,,,,,,,,18320.0,14240.0,4080.0,LR20424,,weighbridge,,,,,,,,,,,STE D/S form 42188 | bins: RG1 3069; RG1 3146; bin 6005,2026-07-31 18:08:00.568866+00,,,
STE-DS-42189,backfill,,2026-01-26,,,STE_002,,,XE5457Y,,,General Waste,,,,,,,,,,17510.0,14240.0,3270.0,LR20425,,weighbridge,,,,,,,,,,,STE D/S form 42189 | bins: RG1 3112; RG1 3137; bin 6003 | chit bin no 6003,2026-07-31 18:08:00.568866+00,,,
STE-DS-42194,backfill,,2026-01-27,,,STE_002,,,XE5457Y,,,General Waste,,,,,,,,,,19010.0,14240.0,4770.0,LR20439,,weighbridge,,,,,,,,,,,STE D/S form 42194 | bins: RG1 3137; RG1 3138; bin 6003,2026-07-31 18:08:00.568866+00,,,
STE-DS-42195,backfill,,2026-01-27,,,STE_002,,,XE5457Y,,,General Waste,,,,,,,,,,18970.0,14240.0,4730.0,LR20440,,weighbridge,,,,,,,,,,,STE D/S form 42195 | bins: RG1 3141; RG1 3146; bin 6005,2026-07-31 18:08:00.568866+00,,,
STE-DS-42200,backfill,,2026-01-28,,,STE_002,,,XE5457Y,,,General Waste,,,,,,,,,,18150.0,14240.0,3910.0,LR20442,,weighbridge,,,,,,,,,,,STE D/S form 42200 | bins: RG1 3132; RG1 3136; bin 6003,2026-07-31 18:08:00.568866+00,,,
STE-DS-42203,backfill,,2026-01-29,,,STE_002,,,XE5457Y,,,General Waste,,,,,,,,,,19770.0,14240.0,5530.0,LR20456,,weighbridge,,,,,,,,,,,STE D/S form 42203 | bins: RG1 3112; RG1 3137; bin 6005,2026-07-31 18:08:00.568866+00,,,
STE-DS-42206,backfill,,2026-01-29,,,STE_002,,,XE5457Y,,,General Waste,,,,,,,,,,18350.0,14240.0,4110.0,LR20455,,weighbridge,,,,,,,,,,,STE D/S form 42206 | bins: RG1 3143; RG1 3116; bin 6003 | chit order reversed vs form order (LR20455 13:45 bin 6003 matches this form),2026-07-31 18:08:00.568866+00,,,
STE-DS-42207,backfill,,2026-01-30,,,STE_002,,,XE5457Y,,,General Waste,,,,,,,,,,17370.0,14240.0,3130.0,LR20453,,weighbridge,,,,,,,,,,,STE D/S form 42207 | bins: RG1 3146; RG1 3136; bin 6005,2026-07-31 18:08:00.568866+00,,,
STE-DS-42213,backfill,,2026-01-31,,,STE_002,,,XE5457Y,,,General Waste,,,,,,,,,,18790.0,14240.0,4550.0,LR20466,,weighbridge,,,,,,,,,,,STE D/S form 42213 | bins: RG1 3146; RG1 3109; bin 6003,2026-07-31 18:08:00.568866+00,,,
STE-DS-42214,backfill,,2026-01-31,,,STE_002,,,XE5457Y,,,General Waste,,,,,,,,,,18370.0,14240.0,4130.0,LR20467,,weighbridge,,,,,,,,,,,STE D/S form 42214 | bins: RG1 3137; RG1 3141; bin 6005,2026-07-31 18:08:00.568866+00,,,
STE-DS-42065,backfill,,2026-01-02,,,STE_002,,,XE5457Y,,,Wood Waste,,,,,,,,,,18200.0,15000.0,3200.0,LR20254,,weighbridge,,,,,,,,,,,STE D/S form 42065 | bins: RGI 3116 / RGI 3130 / bin 8000 | JOB 202008,2026-07-31 18:08:00.568866+00,,,
STE-DS-42071,backfill,,2026-01-04,,,STE_002,,,XE5457Y,,,Wood Waste,,,,,,,,,,17510.0,15150.0,2360.0,LR20264,,weighbridge,,,,,,,,,,,STE D/S form 42071 | bins: RGI 3139 / RGI 3094 / bin 8000 | JOB 202008,2026-07-31 18:08:00.568866+00,,,
STE-DS-42089,backfill,,2026-01-06,,,STE_002,,,,,,Wood Waste,,,,,,,,,,22380.0,15100.0,7280.0,LR20273,,weighbridge,,,,,,,,,,,STE D/S form 42089 | bins: RGI 3139 / RGI 3094 / bin 8000 | vehicle_raw=XE2665H | JOB 202008; vehicle handwriting on form unclear - taken from weighing chit,2026-07-31 18:08:00.568866+00,,,
STE-DS-42100,backfill,,2026-01-09,,,STE_002,,,,,,Wood Waste,,,,,,,,,,18630.0,15050.0,3580.0,LR20301,,weighbridge,,,,,,,,,,,STE D/S form 42100 | bins: RGI 3112 / RGI 3140 / bin 8000 | vehicle_raw=XE2665H | JOB 202008; vehicle handwriting on form unclear - taken from weighing chit,2026-07-31 18:08:00.568866+00,,,
STE-DS-42112,backfill,,2026-01-11,,,STE_002,,,,,,Wood Waste,,,,,,,,,,18430.0,15100.0,3330.0,LR20313,,weighbridge,,,,,,,,,,,STE D/S form 42112 | bins: RGI 3112 / RGI 3139 / bin 8000 | vehicle_raw=XE2665H | JOB 202008; vehicle handwriting on form unclear - taken from weighing chit,2026-07-31 18:08:00.568866+00,,,
STE-DS-42116,backfill,,2026-01-12,,,STE_002,,,XE5457Y,,,Wood Waste,,,,,,,,,,16900.0,15500.0,1400.0,LR20321,,weighbridge,,,,,,,,,,,STE D/S form 42116 | bins: RGI 3132 / RGI 3136 / bin 8000 | JOB 202008,2026-07-31 18:08:00.568866+00,,,
STE-DS-42130,backfill,,2026-01-15,,,STE_002,,,XE5457Y,,,Wood Waste,,,,,,,,,,17750.0,14950.0,2800.0,LR20336,,weighbridge,,,,,,,,,,,STE D/S form 42130 | bins: RGI 3145 / RGI 3137 / bin 8000 | JOB 202008,2026-07-31 18:08:00.568866+00,,,
STE-DS-42144,backfill,,2026-01-18,,,STE_002,,,XE5457Y,,,Wood Waste,,,,,,,,,,17050.0,14900.0,2150.0,LR20353,,weighbridge,,,,,,,,,,,STE D/S form 42144 | bins: RGI 3146 / RGI 3109 / bin 8000 | JOB 202008,2026-07-31 18:08:00.568866+00,,,
STE-DS-42151,backfill,,2026-01-20,,,STE_002,,,XE5457Y,,,Wood Waste,,,,,,,,,,18710.0,15500.0,3210.0,LR20394,,weighbridge,,,,,,,,,,,STE D/S form 42151 | bins: RGI 3132 / RGI 3136 / bin 8000 | JOB 202008,2026-07-31 18:08:00.568866+00,,,
STE-DS-42181,backfill,,2026-01-25,,,STE_002,,,XE5457Y,,,Wood Waste,,,,,,,,,,18790.0,15500.0,3290.0,LR20430,,weighbridge,,,,,,,,,,,STE D/S form 42181 | bins: RGI 3145? / RGI 3069 / bin 8000 | JOB 202008; first bin ref handwritten 31/15 - could be 3145 or 3115 ?,2026-07-31 18:08:00.568866+00,,,
STE-DS-42198,backfill,,2026-01-28,,,STE_002,,,XE5457Y,,,Wood Waste,,,,,,,,,,18380.0,15500.0,2880.0,LR20441,,weighbridge,,,,,,,,,,,STE D/S form 42198 | bins: RGI 3112 / RGI 3137 / bin 8000 | JOB 202008,2026-07-31 18:08:00.568866+00,,,
STE-DS-42208,backfill,,2026-01-30,,,STE_002,,,XE5457Y,,,Wood Waste,,,,,,,,,,17800.0,15500.0,2300.0,LR20454,,weighbridge,,,,,,,,,,,STE D/S form 42208 | bins: RGI 3069 / RGI 3109 / bin 8000 | JOB 202008,2026-07-31 18:08:00.568866+00,,,
STE-DS-42103,backfill,,2026-01-09,,,STE_002,,,,,,Used Fender,,,,,,,,,,15490.0,13900.0,1590.0,LR20303,,weighbridge,,,,,,,,,,,STE D/S form 42103 | bins: RGI 3130 / bin 6000 | vehicle_raw=XE2665H | JOB 121001; Others: Used Fender; vessel Pacific Hawk?; chit product OLD FENDERS,2026-07-31 18:08:00.568866+00,,,
