client_id,name,payment_terms,sales_rep,xero_contact_id,active,created_at,contact_name,contact_phone,contact_email
ABS,Absolut Properties Pte Ltd,,,,t,2026-07-24 15:15:51.944859+00,,,
ACR,Acreation Group Pte Ltd,,,,t,2026-07-24 15:15:51.944859+00,,,
ADV,Advanced Substrate Technologies Pte Ltd,,,,t,2026-07-24 15:15:51.944859+00,,,
AJK,AJK,,,,t,2026-07-24 15:15:51.944859+00,,,
ALL,Allalloy Dynaweld Pte Ltd,,,,t,2026-07-24 15:15:51.944859+00,,,
ALLI,Allied Container Services Pte Ltd,,,,t,2026-07-24 15:15:51.944859+00,,,
APE,Apex Sealing Technologies Pte Ltd,,,,t,2026-07-24 15:15:51.944859+00,,,
ARC,Archibiz,,,,t,2026-07-24 15:15:51.944859+00,,,
ART,Artdecor Design Studio Pte Ltd,,,,t,2026-07-24 15:15:51.944859+00,,,
ASL,ASL Proworld Solution Pte Ltd,,,,t,2026-07-24 15:15:51.944859+00,,,
AST,Astore Pte Ltd,,,,t,2026-07-24 15:15:51.944859+00,,,
AVE,Aver Asia (S) Pte Ltd,,,,t,2026-07-24 15:15:51.944859+00,,,
BAB,Babu,,,,t,2026-07-24 15:15:51.944859+00,,,
ENG,Eng Lee Logistics Pte Ltd,,,,t,2026-07-24 15:15:51.944859+00,,,
ENGI,Engie Services Singapore Pte Ltd,,,,t,2026-07-24 15:15:51.944859+00,,,
ENGL,Eng Leng Contractors Pte Ltd,,,,t,2026-07-24 15:15:51.944859+00,,,
EPO,Epont Building Services Pte Ltd,,,,t,2026-07-24 15:15:51.944859+00,,,
EUR,Euro Pac Logistics Pte Ltd,,,,t,2026-07-24 15:15:51.944859+00,,,
EVE,EverTeam Pte Ltd,,,,t,2026-07-24 15:15:51.944859+00,,,
FAX,Faxolif Industries Pte Ltd,,,,t,2026-07-24 15:15:51.944859+00,,,
GEO,Geoinnovations Pte Ltd,,,,t,2026-07-24 15:15:51.944859+00,,,
GLO,Glory SIP Pte Ltd,,,,t,2026-07-24 15:15:51.944859+00,,,
GSE,GS Engineering and Construction Corporation,,,,t,2026-07-24 15:15:51.944859+00,,,
GWC,GWC,,,,t,2026-07-24 15:15:51.944859+00,,,
GYM,Gymsportz,,,,t,2026-07-24 15:15:51.944859+00,,,
HAI,Haid Biotechnology Industry (Singapore) Pte Ltd,,,,t,2026-07-24 15:15:51.944859+00,,,
HCG,HCG,,,,t,2026-07-24 15:15:51.944859+00,,,
HEP,He Ping Development Pte Ltd,,,,t,2026-07-24 15:15:51.944859+00,,,
HON,Hong Hang Hardware,,,,t,2026-07-24 15:15:51.944859+00,,,
HOT,Hotel Royal Singapore,,,,t,2026-07-24 15:15:51.944859+00,,,
HPR,H1 Projects Pte Ltd,,,,t,2026-07-24 15:15:51.944859+00,,,
HUA,Huationg Contractor,,,,t,2026-07-24 15:15:51.944859+00,,,
HUN,Huntsman (S) Pte Ltd,,,,t,2026-07-24 15:15:51.944859+00,,,
HYD,Hydroproof,,,,t,2026-07-24 15:15:51.944859+00,,,
INV,INVX Asia Pacific Pte Ltd,,,,t,2026-07-24 15:15:51.944859+00,,,
IWA,Iwatech,,,,t,2026-07-24 15:15:51.944859+00,,,
LAU,Lau Choy Seng Pte Ltd,,,,t,2026-07-24 15:15:51.944859+00,,,
LCH,LCH Logistics Pte Ltd,,,,t,2026-07-24 15:15:51.944859+00,,,
LEN,Leng Aik Engineering,,,,t,2026-07-24 15:15:51.944859+00,,,
LEX,LexBuild International Pte Ltd,,,,t,2026-07-24 15:15:51.944859+00,,,
LIM,Lim Siang Huat Pte Ltd,,,,t,2026-07-24 15:15:51.944859+00,,,
LIR,Lirich,,,,t,2026-07-24 15:15:51.944859+00,,,
MAT,Matrix Cooling (Singapore) Pte Ltd,,,,t,2026-07-24 15:15:51.944859+00,,,
MEC,Mecom GreenBuild (Singapore) Pte Ltd,,,,t,2026-07-24 15:15:51.944859+00,,,
NEA,NEA,,,,t,2026-07-24 15:15:51.944859+00,,,
PAX,PaxOcean Singapore Pte Ltd,,,,t,2026-07-24 15:15:51.944859+00,,,
PIL,Pacific International Lines,,,,t,2026-07-24 15:15:51.944859+00,,,
POH,Poh Tiong Choon Logistics Ltd,,,,t,2026-07-24 15:15:51.944859+00,,,
PSA,PSA Port Ecosystem (Sea) Pte Ltd,,,,t,2026-07-24 15:15:51.944859+00,,,
QUA,Qualicoat Pte Ltd,,,,t,2026-07-24 15:15:51.944859+00,,,
REM,REMEX Minerals Singapore Pte Ltd,,,,t,2026-07-24 15:15:51.944859+00,,,
RJH,RJ Hydralics,,,,t,2026-07-24 15:15:51.944859+00,,,
SAV,Savills Property Management Pte Ltd (Blue Hub),,,,t,2026-07-24 15:15:51.944859+00,,,
SAVI,Savills Property Management Pte Ltd (Green Hub),,,,t,2026-07-24 15:15:51.944859+00,,,
SEA,Seatrium Pte Ltd,,,,t,2026-07-24 15:15:51.944859+00,,,
SIE,Siew Kong Glass Makers Pte Ltd,,,,t,2026-07-24 15:15:51.944859+00,,,
SIN,Sin Hong Hardware Pte Ltd,,,,t,2026-07-24 15:15:51.944859+00,,,
SIND,Sindac Cleaning Services Pte Ltd,,,,t,2026-07-24 15:15:51.944859+00,,,
SINH,Sin Hong Poh Metal Trading,,,,t,2026-07-24 15:15:51.944859+00,,,
SLS,SLS,,,,t,2026-07-24 15:15:51.944859+00,,,
SNI,Snip Avenue Holdings,,,,t,2026-07-24 15:15:51.944859+00,,,
SPR,Springlife Maintenance Service Pte Ltd,,,,t,2026-07-24 15:15:51.944859+00,,,
STA,Stamford Tyres,,,,t,2026-07-24 15:15:51.944859+00,,,
STS,STSM,,,,t,2026-07-24 15:15:51.944859+00,,,
SUM,Sumber Indah Pte Ltd,,,,t,2026-07-24 15:15:51.944859+00,,,
SUN,Sun City Maintenance Pte Ltd,,,,t,2026-07-24 15:15:51.944859+00,,,
SYS,Sys-Mac Automation Engineering Pte Ltd,,,,t,2026-07-24 15:15:51.944859+00,,,
SYST,System Foundation Pte Ltd,,,,t,2026-07-24 15:15:51.944859+00,,,
TAI,Tai Lee Tong,,,,t,2026-07-24 15:15:51.944859+00,,,
TEC,Technicair Singapore Services Pte Ltd,,,,t,2026-07-24 15:15:51.944859+00,,,
TECH,Technigroup Far East Pte Ltd,,,,t,2026-07-24 15:15:51.944859+00,,,
TECK,Teck Sang Pte Ltd,,,,t,2026-07-24 15:15:51.944859+00,,,
TOH,Toh Ban Seng,,,,t,2026-07-24 15:15:51.944859+00,,,
TON,Tong Carriage (S) Pte Ltd,,,,t,2026-07-24 15:15:51.944859+00,,,
TOP,Top Star Builder Pte Ltd,,,,t,2026-07-24 15:15:51.944859+00,,,
TRA,Tracebuild,,,,t,2026-07-24 15:15:51.944859+00,,,
TRE,T3 Reources Pte Ltd,,,,t,2026-07-24 15:15:51.944859+00,,,
TST,TSTL,,,,t,2026-07-24 15:15:51.944859+00,,,
URB,Urban Group Pte Ltd,,,,t,2026-07-24 15:15:51.944859+00,,,
WAH,Wah & Hua Pte Ltd,,,,t,2026-07-24 15:15:51.944859+00,,,
WEB,WeBuild,,,,t,2026-07-24 15:15:51.944859+00,,,
WIK,WIKA Instrumentation Pte Ltd,,,,t,2026-07-24 15:15:51.944859+00,,,
WIL,Wilkie Development Pte Ltd,,,,t,2026-07-24 15:15:51.944859+00,,,
WOR,World of Wood Pte Ltd,,,,t,2026-07-24 15:15:51.944859+00,,,
WRA,W'Ray Construction Pte Ltd,,,,t,2026-07-24 15:15:51.944859+00,,,
HYU,"Hyundai Engineering & Construction Co., Ltd",,,,t,2026-07-24 15:15:51.944859+00,,,
EXP,123 Express,,,,t,2026-07-24 15:15:51.944859+00,,,
ECO,Ecozeal,,,,t,2026-07-30 00:35:38.037853+00,,,
RAD,Radha Exports Pte Ltd,,,,t,2026-07-24 15:15:51.944859+00,,,
SHI,Shin Ya O Ya Pte Ltd,,,,t,2026-07-24 15:15:51.944859+00,,,
TONG,Tong Hock Pte Ltd,,,,t,2026-07-24 15:15:51.944859+00,,,
STX,ST Engineering,,,,t,2026-07-24 15:15:51.944859+00,,,
BCW,B&C Waste,,,,t,2026-07-24 15:15:51.944859+00,,,
BEE,Beejoo,,,,t,2026-07-24 15:15:51.944859+00,,,
BND,BNDC (Fairprice),,,,t,2026-07-24 15:15:51.944859+00,,,
CAL,Calvary Carpentry Pte Ltd,,,,t,2026-07-24 15:15:51.944859+00,,,
CAR,Cargo International,,,,t,2026-07-24 15:15:51.944859+00,,,
CAT,Caterpillar,,,,t,2026-07-24 15:15:51.944859+00,,,
CBM,CBM Pte Ltd,,,,t,2026-07-24 15:15:51.944859+00,,,
CHA,Chateraise,,,,t,2026-07-24 15:15:51.944859+00,,,
CHI,Chiong Construction,,,,t,2026-07-24 15:15:51.944859+00,,,
CHU,Chuan Seng Leong,,,,t,2026-07-24 15:15:51.944859+00,,,
CLE,Cleanis-Tee,,,,t,2026-07-24 15:15:51.944859+00,,,
CNC,CNCCS Engineering and Construction Pte Ltd,,,,t,2026-07-24 15:15:51.944859+00,,,
CPH,C & P Holdings Pte Ltd,,,,t,2026-07-24 15:15:51.944859+00,,,
CRE,CrestSA Marine & Offshore Pte Ltd,,,,t,2026-07-24 15:15:51.944859+00,,,
DSV,DSV,,,,t,2026-07-24 15:15:51.944859+00,,,
DYN,Dyna Cool,,,,t,2026-07-24 15:15:51.944859+00,,,
