id,template_id,kind,name,framework,build_status,structure,notes,created_at
2,R2,output,Full GHG Inventory Report (5 chapters),ISO 14064-1 9.3.1 + Annex F,not_built,{},"",2026-08-21 10:01:35.49496+00
4,R4,output,Waste Emissions Statement - Scope 3 Cat 5,GHG Protocol / ISO Cat 4.3,live,{},Catalog id wes. Free. Feeds R1 Cat 4.3 one-way.,2026-08-21 10:01:35.49496+00
5,R5,output,Waste Diversion and Avoided Emissions,-,live,{},Catalog id div. Free. Basis + sludge split added 18 Aug.,2026-08-21 10:01:35.49496+00
6,R6,output,Footprint Analytics,-,live,{},Catalog id analytics. Free.,2026-08-21 10:01:35.49496+00
8,R8,output,RSA Mandatory Packaging Reporting + 3R,Resource Sustainability Act,built,{},Catalog id rsa. Submission window Jan-Mar annually.,2026-08-21 10:01:35.49496+00
9,R9,output,CDP Climate Disclosure,CDP,built,{},Catalog id cdp.,2026-08-21 10:01:35.49496+00
11,R11,output,Reduction Targets and Net-Zero Pathway,SBTi-style,built,{},Catalog id tgt. Blocked in practice by missing base years.,2026-08-21 10:01:35.49496+00
12,R12,output,Peer Benchmarking,-,built,{},Catalog id bench.,2026-08-21 10:01:35.49496+00
13,R13,output,Carbon Credit / Insetting Statement,ISO 14064-2 + registry,built,{},Catalog id cred. Real issuance gated on additionality.,2026-08-21 10:01:35.49496+00
15,R15,output,ISO 14064-2 Project Statement,ISO 14064-2,not_built,{},Credits only. Recognised-origin criteria required.,2026-08-21 10:01:35.49496+00
20,T4,input,"Category 1 - Direct (fuels, process, refrigerants, LULUCF)",ISO Annex B,not_built,{},"",2026-08-21 10:01:35.49496+00
21,T5,input,Category 2 - Imported energy incl. contractual instruments,ISO Annex E,not_built,{},Highest-value client input.,2026-08-21 10:01:35.49496+00
22,T6,input,"Category 3 - Transportation (freight, commuting, travel)",ISO Annex B,not_built,{},"",2026-08-21 10:01:35.49496+00
23,T7,input,Category 4 - Products used (waste row PRE-FILLED by Lirich),ISO Annex B,not_built,{},"",2026-08-21 10:01:35.49496+00
24,T8,input,"Category 5 - Products sold (use stage, end of life, investments)",ISO Annex B,not_built,{},"",2026-08-21 10:01:35.49496+00
25,T9,input,Category 6 - Other organisation-defined sources,ISO Annex B,not_built,{},"",2026-08-21 10:01:35.49496+00
26,T10,input,Reduction initiatives and targets,ISO 7.1-7.3,not_built,{},"",2026-08-21 10:01:35.49496+00
27,T11,input,Quality management framework,ISO 8.1,not_built,{},"",2026-08-21 10:01:35.49496+00
28,T12,input,Records and retention,ISO 8.2,not_built,{},"",2026-08-21 10:01:35.49496+00
1,R1,output,Consolidated GHG Statement,ISO 14064-1 Annex F,shell,"{""gwp"": {""CH4"": 28, ""CO2"": 1, ""N2O"": 265, ""note"": ""per IPCC AR5 via SEFR - confirm against client basis"", ""vintage"": ""AR5""}, ""rows"": [[""c"", ""1"", ""Category 1 : Direct GHG emissions and removals"", ""x""], [""s"", ""1.1"", ""Direct emissions from stationary combustion"", ""x""], [""s"", ""1.2"", ""Direct emissions from mobile combustion"", ""x""], [""s"", ""1.3"", ""Direct process emissions and removals from industrial processes"", ""x""], [""s"", ""1.4"", ""Direct fugitive emissions from release of GHGs in anthropogenic systems"", ""x""], [""s"", ""1.5"", ""Direct emissions and removals from Land Use, Land Use Change and Forestry"", ""x""], [""m"", """", ""Direct emissions in tonnes of CO2 from biomass (Annex D - reported separately)"", ""m""], [""c"", ""2"", ""Category 2 : Indirect GHG emissions from imported energy"", ""x""], [""s"", ""2.1"", ""Indirect emissions from imported electricity (location-based, Annex E)"", ""x""], [""s"", ""2.2"", ""Indirect emissions from other imported energy - heat, steam, cooling"", ""x""], [""c"", ""3"", ""Category 3 : Indirect GHG emissions from transportation"", ""x""], [""s"", ""3.1"", ""Upstream transport and distribution for goods"", ""x""], [""s"", ""3.2"", ""Downstream transport and distribution for goods"", ""x""], [""s"", ""3.3"", ""Employee commuting"", ""x""], [""s"", ""3.4"", ""Client and visitor transport"", ""x""], [""s"", ""3.5"", ""Business travel"", ""x""], [""c"", ""4"", ""Category 4 : Indirect GHG emissions from products used by the organization"", ""p""], [""s"", ""4.1"", ""Purchased goods"", ""x""], [""s"", ""4.2"", ""Capital goods"", ""x""], [""s"", ""4.3"", ""Disposal of solid and liquid waste"", ""L""], [""s"", ""4.4"", ""Use of assets (leased)"", ""x""], [""s"", ""4.5"", ""Use of other services"", ""x""], [""c"", ""5"", ""Category 5 : Indirect GHG emissions associated with use of products from the organization"", ""x""], [""s"", ""5.1"", ""Use stage of the product"", ""x""], [""s"", ""5.2"", ""Downstream leased assets"", ""x""], [""s"", ""5.3"", ""End of life stage of the product"", ""x""], [""s"", ""5.4"", ""Investments"", ""x""], [""c"", ""6"", ""Category 6 : Indirect GHG emissions from other sources"", ""x""]], ""notes"": ""Gas columns render pending until factors carry per-gas coverage. Cat 4.3 fills from aggWaste(period).cat5 (wes engine, one-way)."", ""source"": ""ISO 14064-1:2018 Annex F Figure F.1"", ""columns"": [""Emissions"", ""Notes"", ""S/NS"", ""TOTAL tCO2e"", ""CO2"", ""CH4"", ""N2O"", ""HFCs"", ""PFCs"", ""SF6"", ""NF3"", ""Other"", ""Quant. uncert."", ""Qual. uncert.""], ""version"": 1, ""renderer"": ""iso_annexF_v1"", ""row_format"": ""[level c=category s=subcategory m=memo, clause id, label, state x=client p=mixed l=lirich m=memo]"", ""lirich_rows"": [""4.3""]}",Live on page 2691 as locked report iso. Gas columns pending. STRUCTURE LOADED 21 Aug 2026 (templates-as-data step 4): 28 Annex F rows + 14 columns + GWP block; renderer iso_annexF_v1 on page 2691 consumes it with hardcoded fallback.,2026-08-21 10:01:35.49496+00
16,T0,input,Organisation profile and boundaries,ISO 5.1 / 9.3.1,spec,"{""kind"": ""input_form"", ""feeds"": ""R1 header block"", ""title"": ""Organisation profile and boundaries"", ""fields"": [{""id"": ""legal_entity"", ""type"": ""text"", ""label"": ""Reporting company (legal entity name + UEN)"", ""required"": true}, {""id"": ""responsible_person"", ""type"": ""text"", ""label"": ""Person or entity responsible for the report"", ""required"": true}, {""id"": ""sites"", ""type"": ""textarea"", ""label"": ""Sites / facilities in scope (name + address, one per line)"", ""required"": true}, {""id"": ""consolidation"", ""type"": ""select"", ""label"": ""Consolidation approach"", ""options"": [""Operational control"", ""Financial control"", ""Equity share""], ""required"": true}, {""id"": ""period_start"", ""type"": ""date"", ""label"": ""Reporting period start"", ""required"": true}, {""id"": ""period_end"", ""type"": ""date"", ""label"": ""Reporting period end"", ""required"": true}, {""id"": ""ghgs_included"", ""type"": ""multiselect"", ""label"": ""GHGs included"", ""options"": [""CO2"", ""CH4"", ""N2O"", ""HFCs"", ""PFCs"", ""SF6"", ""NF3"", ""Other""], ""required"": true}, {""id"": ""verification_intent"", ""type"": ""select"", ""label"": ""Verification intent"", ""options"": [""No verification planned"", ""Limited assurance planned"", ""Reasonable assurance planned""], ""required"": false}], ""version"": 1, ""renderer"": ""generic_input_v1"", ""standard_hook"": ""ISO 14064-1 s5.1, s9.3.1, Annex F Ch.1-2""}",Wave 1. STRUCTURE LOADED 21 Aug 2026.,2026-08-21 10:01:35.49496+00
10,R10,output,TCFD / ISSB (IFRS S2) Pack,IFRS S1+S2,built,"{""kind"": ""output"", ""notes"": ""Regulatory demand: SGX/ACRA phase-in makes this the Wave 2 priority. Same underlying GHG numbers as R1/R4 - presentation layer only."", ""title"": ""IFRS S2 Climate-related Disclosures pack"", ""pillars"": [{""id"": ""governance"", ""items"": [""Body/individual responsible for climate-related risks and opportunities (terms of reference, mandates, policies)"", ""Management role, delegation, controls and procedures""], ""paras"": ""IFRS S2 5-7"", ""title"": ""Governance"", ""source"": ""client""}, {""id"": ""strategy"", ""items"": [""Climate-related risks and opportunities over short/medium/long term"", ""Effects on business model and value chain"", ""Effects on strategy and decision-making incl. transition plans"", ""Effects on financial position, performance and cash flows (current + anticipated)"", ""Climate resilience assessment using scenario analysis (para 22)""], ""paras"": ""IFRS S2 8-23"", ""title"": ""Strategy"", ""source"": ""client""}, {""id"": ""risk"", ""items"": [""Processes to identify, assess, prioritise and monitor climate-related risks"", ""Processes for opportunities"", ""Integration into overall risk management""], ""paras"": ""IFRS S2 24-26"", ""title"": ""Risk management"", ""source"": ""client""}, {""id"": ""metrics"", ""items"": [""Scope 1 GHG (GHG Protocol) - client fuels/process/refrigerants (T4)"", ""Scope 2 GHG location-based (grid factor from emissions year); market-based information separately (T5)"", ""Scope 3 GHG incl. Category 5 waste - PRE-FILLED BY LIRICH from signed DOs (wes engine)"", ""Cross-industry metrics: transition risks, physical risks, opportunities, capital deployment, internal carbon price, remuneration linkage"", ""Climate targets + progress; GWP vintage disclosed""], ""paras"": ""IFRS S2 27-37"", ""title"": ""Metrics and targets"", ""source"": ""mixed"", ""lirich_rows"": [""scope3_cat5""]}], ""version"": 1, ""renderer"": ""ifrs_s2_v1"", ""standard_hook"": ""IFRS S2 (ISSB, June 2023); SGX Listing Rules phase-in (Scope 1+2 all listed FY2025; Scope 3 STI constituents FY2026 per Aug 2025 SGX RegCo roadmap update, voluntary for other listed; large non-listed per ACRA; external assurance from FY2029)""}",Catalog id tcfd. Regulatory demand FY2026-27 - Wave 2 priority. STRUCTURE LOADED 21 Aug 2026.,2026-08-21 10:01:35.49496+00
7,R7,output,NEA Carbon-Tax Emissions Report Pack,Carbon Pricing Act,built,"{""kind"": ""output"", ""note"": ""COMPUTED report with in-report facility-fuel inputs (S.nea). For clients that are themselves taxable facilities only - Lirich never claims NEA compliant (standing rule)."", ""logic"": [""Reckonable A = ceil( scope1 + facility fuel + NG + IPPU )"", ""Reportable if A >= 2,000 t - file Emissions Report"", ""Taxable if A >= 25,000 t - Monitoring Plan + tax"", ""Tax = A x B (B = S$ carbon tax rate for the year)""], ""title"": ""NEA Carbon-Tax Emissions Report Pack"", ""inputs"": [{""id"": ""fuel_diesel_L"", ""label"": ""Facility fuel - diesel (litres, site combustion)""}, {""id"": ""ng_GJ"", ""label"": ""Natural gas (GJ, IPCC NCV/EF)""}, {""id"": ""ippu_t"", ""label"": ""IPPU process emissions (tCO2e)""}], ""version"": 1, ""renderer"": ""computed_engine (repNEA, page 2691 lrcat)"", ""standard_hook"": ""Carbon Pricing Act; IPCC 2006 NCV/EF; NEA M&R""}",Catalog id nea. For clients that are taxable facilities. STRUCTURE LOADED 21 Aug 2026 (registry documentation; renderer stays code - computed engine).,2026-08-21 10:01:35.49496+00
17,T1,input,Reporting boundary and significance,ISO 5.2 / Annex H,spec,"{""kind"": ""input_form"", ""feeds"": ""R1 reporting boundaries + S/NS column"", ""title"": ""Reporting boundary and significance"", ""fields"": [{""id"": ""categories_included"", ""type"": ""multiselect"", ""label"": ""Indirect categories included (2-6)"", ""options"": [""Cat 2 imported energy"", ""Cat 3 transportation"", ""Cat 4 products used"", ""Cat 5 products sold"", ""Cat 6 other""], ""required"": true}, {""id"": ""significance_criteria"", ""type"": ""textarea"", ""label"": ""Significance criteria used to classify S/NS (magnitude, influence, access, risk, outsourcing)"", ""required"": true}, {""id"": ""significance_threshold"", ""type"": ""text"", ""label"": ""Quantitative threshold if any (e.g. percent of total)"", ""required"": false}, {""id"": ""exclusions"", ""type"": ""textarea"", ""label"": ""Exclusions with justification (each exclusion must be justified per s5.2.3)"", ""required"": true}], ""version"": 1, ""renderer"": ""generic_input_v1"", ""standard_hook"": ""ISO 14064-1 s5.2, Annex H""}",Wave 1. STRUCTURE LOADED 21 Aug 2026.,2026-08-21 10:01:35.49496+00
18,T2,input,Biogenic declaration,ISO Annex D,spec,"{""kind"": ""input_form"", ""feeds"": ""R1 biomass memo line + narrative"", ""title"": ""Biogenic declaration"", ""fields"": [{""id"": ""biomass_streams"", ""type"": ""textarea"", ""label"": ""Which activity streams are biomass-derived (fuels, materials, waste)"", ""required"": true}, {""id"": ""anthropogenic_split"", ""type"": ""textarea"", ""label"": ""Anthropogenic vs non-anthropogenic biogenic (describe basis)"", ""required"": true}, {""id"": ""treatment"", ""type"": ""textarea"", ""label"": ""How biogenic CO2 is quantified and separated per category (CO2 out to memo line; CH4 and N2O from biomass stay anthropogenic)"", ""required"": true}], ""version"": 1, ""renderer"": ""generic_input_v1"", ""standard_hook"": ""ISO 14064-1 Annex D (normative)""}",Wave 1. STRUCTURE LOADED 21 Aug 2026.,2026-08-21 10:01:35.49496+00
19,T3,input,Uncertainty and data quality,ISO 8.3,spec,"{""kind"": ""input_form"", ""feeds"": ""R1 uncertainty columns"", ""title"": ""Uncertainty and data quality"", ""fields"": [{""id"": ""per_category"", ""type"": ""table"", ""label"": ""Per category: quantitative uncertainty percent where available"", ""columns"": [""Category"", ""Quantitative %"", ""Method""], ""required"": false}, {""id"": ""qualitative"", ""type"": ""table"", ""label"": ""Qualitative data-quality rating per category (high/medium/low + basis)"", ""columns"": [""Category"", ""Rating"", ""Basis""], ""required"": true}, {""id"": ""improvements"", ""type"": ""textarea"", ""label"": ""Planned data-quality improvements"", ""required"": false}], ""version"": 1, ""renderer"": ""generic_input_v1"", ""standard_hook"": ""ISO 14064-1 s8.3, Annex F Ch.4""}",Wave 1. STRUCTURE LOADED 21 Aug 2026.,2026-08-21 10:01:35.49496+00
3,R3,output,GHG Protocol Corporate Inventory S1-S2-S3,GHG Protocol,built,"{""kind"": ""output"", ""note"": ""COMPUTED report - values come from the Measure module state (S) and the report engine, not from static rows. Structure documents the row definitions for the registry; renderer stays code by design (methodology_decisions rationale: templates-as-data applies to row-list reports like R1; computed engines keep one implementation)."", ""rows"": [{""basis"": ""fuel x EF; GWP"", ""scope"": ""Scope 1"", ""source"": ""s1_t() from S.s1 client inputs"", ""category"": ""Mobile + stationary + fugitive""}, {""basis"": ""kWh x EMA GEF-OM (temporal)"", ""scope"": ""Scope 2"", ""source"": ""s2_t() from S.s2.elec_kWh"", ""category"": ""Electricity - location-based""}, {""basis"": ""supplier/REC"", ""scope"": ""Scope 2"", ""source"": ""dual-reported per GHG Protocol"", ""category"": ""Electricity - market-based""}, {""basis"": ""signed DOs via report engine"", ""scope"": ""Scope 3"", ""source"": ""CAT5_ANNUAL - PRE-FILLED BY LIRICH"", ""category"": ""Cat 5 Waste (Lirich)""}, {""basis"": ""activity x EF"", ""scope"": ""Scope 3"", ""source"": ""s3_client_t() from S.s3"", ""category"": ""Cat 6/7 Travel and commuting""}], ""title"": ""GHG Protocol Corporate Inventory S1-S2-S3"", ""footer"": ""Total location-based + intensity per S$m revenue and per t waste"", ""version"": 1, ""renderer"": ""computed_engine (repGHG, page 2691 lrcat)""}",Catalog id ghg. STRUCTURE LOADED 21 Aug 2026 (registry documentation; renderer stays code - computed engine).,2026-08-21 10:01:35.49496+00
14,R14,output,Evidence / QMF Pack,ISO 14064-1 8.1-8.3,built,"{""kind"": ""output"", ""spec"": ""Lirich_Verification_Evidence_Pack_Spec.md"", ""title"": ""Verification Evidence Pack (ISO 14064-3 ready)"", ""panels"": [{""id"": ""A"", ""name"": ""GHG statement under verification"", ""rows"": [""Waste handled (by mass)"", ""Recovered"", ""Disposed"", ""Oily sludge"", ""Recovery rate (by volume)"", ""Scope 3 Category 5"", ""Avoided emissions""], ""source"": ""aggWaste(period) - report engine single source""}, {""id"": ""B"", ""name"": ""Methodology register"", ""source"": ""report fn ?methodology=1 (methodology_decisions, active)""}, {""id"": ""C"", ""name"": ""Factor register extract"", ""source"": ""report fn ?factors=1 (factors: waste/avoided/grid with vintage + gas coverage + validity)""}, {""id"": ""D"", ""name"": ""Evidence index and quality management"", ""items"": [""row-level evidence via photo_do_ref"", ""audited adjustments"", ""data-quality percentages"", ""7-year 3-layer retention"", ""pending: calibration certs + uncertainty (open item)""]}], ""version"": 1, ""renderer"": ""repEVP (page 2691 lrcat) + report fn ?factors=1 / ?methodology=1"", ""guardrails"": ""Supports client-appointed VVB verification; never claims verified/certified. SEF-pending rows flagged.""}",Lirich_Verification_Evidence_Pack_Spec.md. BUILT 21 Aug 2026: repEVP live on page 2691 (locked catalog item evp); fn ?factors=1 deployed.,2026-08-21 10:01:35.49496+00
